0,0.104956,0.016105,-0.084012,0.108682,-0.39347,-0.912891
0.014829,0.063322,0.097488,-0.064939,0.105806,-0.399826,-0.910464
0.014893,0.013588,0.218375,0.016908,0.104179,-0.409904,-0.90616
0.03078,-0.020712,0.241257,0.00408,0.103384,-0.421143,-0.901083
0.046835,-0.014821,0.266084,-0.046636,0.098653,-0.432755,-0.896097
0.046904,0.059739,0.110006,-0.080714,0.089965,-0.442647,-0.892171
0.062744,-0.000579,-0.01688,0.011017,0.078826,-0.450726,-0.889175
0.078543,-0.224005,0.210785,0.017159,0.067023,-0.456817,-0.887032
0.078617,-0.07076,0.280129,0.145491,0.053227,-0.461266,-0.885664
0.09455,-0.150706,0.274387,0.187648,0.036295,-0.465152,-0.884486
0.110655,-0.16992,0.188669,-0.021255,0.027953,-0.472239,-0.881027
0.110719,-0.140183,0.119965,-0.122676,0.026536,-0.481782,-0.875889
0.126578,-0.190595,0.157464,0.213411,0.03195,-0.490182,-0.871035
0.142637,-0.245918,0.202067,0.439921,0.05085,-0.495814,-0.866939
0.142707,-0.355726,0.150212,0.279346,0.084089,-0.498906,-0.862567
0.158215,-0.385327,0.070495,-0.118477,0.127011,-0.502517,-0.855187
0.174984,-0.163889,-0.088467,-0.383217,0.165094,-0.50301,-0.848366
0.175056,-0.01966,-0.174216,-0.156839,0.185035,-0.48707,-0.853537
0.190455,-0.016462,-0.090139,0.011895,0.199278,-0.464412,-0.862908
0.206791,0.105121,-0.015831,0.181978,0.209423,-0.433097,-0.87668
0.20688,0.668531,-0.242917,0.620029,0.228488,-0.39728,-0.888798
0.222099,0.187823,0.001181,0.163937,0.238248,-0.354208,-0.904309
0.23812,-0.214899,0.192723,-0.006167,0.247614,-0.308293,-0.9185
0.238191,-0.255743,0.063583,0.135047,0.260946,-0.259461,-0.929832
0.253833,-0.253402,-0.061069,0.132087,0.280105,-0.209545,-0.93682
0.27026,-0.30596,-0.11866,0.006962,0.300268,-0.162743,-0.939869
0.270376,-0.47461,-0.13259,-0.113112,0.316117,-0.120584,-0.941026
0.286022,-0.61122,-0.134943,-0.220986,0.323668,-0.084158,-0.94242
0.302005,-0.642079,-0.098475,-0.304494,0.320912,-0.055608,-0.945475
0.302076,-0.615303,-0.058575,-0.26658,0.308739,-0.038455,-0.950369
0.318333,-0.586297,0.045291,-0.317264,0.288629,-0.035479,-0.956783
0.334519,-0.471138,0.301463,-0.258588,0.264245,-0.0442,-0.963442
0.334607,-0.452982,0.348678,-0.099456,0.242868,-0.060745,-0.968155
0.349806,-0.692571,-0.039528,0.124633,0.22704,-0.084129,-0.970245
0.366516,-0.808127,-0.064368,0.242946,0.211295,-0.108331,-0.9714
0.36661,-0.947161,-0.048061,0.391282,0.189898,-0.126515,-0.973618
0.383646,-0.896098,-0.046289,0.328102,0.159022,-0.135534,-0.977928
0.398609,-0.7132,-0.040609,0.544603,0.115467,-0.13737,-0.983767
0.399088,0.323484,-0.187096,0.785934,0.06618,-0.131614,-0.989089
0.412991,-0.007654,0.301498,0.764563,0.020914,-0.12706,-0.991675
0.429431,-0.261564,0.505215,0.71675,-0.018572,-0.130291,-0.991302
0.429583,-0.213002,0.398936,0.873714,-0.056972,-0.140894,-0.988384
0.445214,-0.286858,0.40952,0.939967,-0.105659,-0.152455,-0.982646
0.460965,-0.222313,0.504864,1.070395,-0.166176,-0.161389,-0.9728
0.461031,-0.106776,0.571616,1.020435,-0.234914,-0.168357,-0.957325
0.476908,0.025156,0.82145,0.881581,-0.310419,-0.173729,-0.93459
0.493205,0.190924,0.855421,0.788464,-0.392584,-0.175749,-0.902768
0.493283,0.292666,1.013729,0.751972,-0.477755,-0.173626,-0.861164
0.509583,0.35483,1.104441,0.731348,-0.560732,-0.167506,-0.810877
0.524798,0.333595,1.075865,0.604297,-0.638466,-0.154417,-0.754
0.524864,0.192099,1.114,0.47968,-0.707754,-0.132463,-0.693929
0.540565,0.093469,1.097657,0.32032,-0.76513,-0.102448,-0.635673
0.556718,0.003259,1.070389,0.071653,-0.811395,-0.066239,-0.580732
0.556832,-0.011491,1.076514,-0.149069,-0.85028,-0.025962,-0.52569
0.572746,-0.08858,1.110322,-0.30014,-0.883923,0.018386,-0.467271
0.588165,-0.271277,1.101135,-0.375653,-0.910592,0.067917,-0.407687
0.58823,-0.509151,1.07102,-0.490036,-0.92725,0.123164,-0.353607
0.604204,-0.83751,0.927173,-0.893636,-0.933166,0.182004,-0.309962
0.620488,-0.877361,0.813795,-1.089021,-0.930073,0.240435,-0.277769
0.620561,-0.83396,0.757011,-1.277784,-0.92074,0.294426,-0.25603
0.636406,-0.736561,0.715275,-1.37437,-0.90736,0.34341,-0.242421
0.65219,-0.751218,0.687851,-1.303037,-0.890963,0.388947,-0.234317
0.652258,-0.867683,0.625966,-1.137522,-0.872475,0.431819,-0.228735
0.668115,-0.897775,0.561193,-1.050386,-0.851569,0.472971,-0.226118
0.685651,-0.903176,0.534375,-1.185689,-0.827994,0.512103,-0.22842
0.685725,-0.817498,0.42232,-1.287959,-0.801704,0.549604,-0.23496
0.700367,-0.779131,0.356694,-1.322703,-0.772902,0.585491,-0.244588
0.719621,-0.746689,0.287804,-1.2821,-0.74205,0.619346,-0.256459
0.719703,-0.740935,0.212307,-1.179929,-0.710237,0.650471,-0.269167
0.733481,-0.750886,0.140089,-0.999939,-0.67842,0.678499,-0.281754
0.748952,-0.650739,-0.015063,-0.797947,-0.649142,0.701541,-0.294033
0.749036,-0.465024,0.097434,-0.746395,-0.617831,0.724556,-0.305455
0.763594,-0.608318,-0.013074,-0.804049,-0.58379,0.747067,-0.31793
0.780153,-0.62085,-0.185419,-0.729759,-0.551865,0.764841,-0.33236
0.780253,-0.718643,-0.142051,-0.48178,-0.523316,0.778647,-0.346192
0.795533,-0.801695,-0.08792,0.048132,-0.499711,0.79167,-0.351492
0.81139,-0.724383,-0.216956,0.260001,-0.481275,0.805839,-0.344962
0.811461,-0.900961,-0.465449,0.052697,-0.467081,0.817866,-0.336052
0.827521,-0.881321,-0.497336,0.050984,-0.45895,0.825903,-0.327489
0.843045,-0.751795,-0.353779,0.040272,-0.453741,0.830997,-0.321811
0.843117,-0.712733,-0.402199,0.325579,-0.450246,0.835351,-0.315386
0.858835,-0.76746,-0.390315,0.407242,-0.448421,0.838878,-0.308549
0.875391,-0.622668,-0.323259,0.27904,-0.447141,0.841295,-0.303789
0.87547,-0.555589,-0.321107,0.241576,-0.445784,0.841828,-0.304305
0.891036,-0.453502,-0.295768,0.172815,-0.446507,0.840186,-0.307764
0.907457,-0.25555,-0.194518,0.126918,-0.447514,0.836532,-0.316143
0.907541,-0.260356,-0.171914,0.024461,-0.446675,0.831048,-0.331422
0.922546,-0.229979,-0.035202,-0.182096,-0.444703,0.823242,-0.352862
0.938796,-0.145956,-0.221308,-0.078107,-0.441232,0.813425,-0.379016
0.938863,-0.191759,-0.066096,0.018161,-0.44264,0.805674,-0.393649
0.954992,0.041634,-0.039428,-0.153076,-0.441522,0.797073,-0.411987
0.970866,0.10561,-0.086477,-0.100593,-0.441624,0.788747,-0.427605
0.970939,0.245725,-0.185989,0.071175,-0.44589,0.781585,-0.436242
0.986246,0.222648,-0.213272,0.176716,-0.452842,0.775696,-0.439579
1.002583,0.241413,-0.39275,0.215509,-0.462528,0.771077,-0.437616
1.002656,0.307636,-0.374346,0.25612,-0.476811,0.76726,-0.42891
1.019187,0.340711,-0.43488,0.372963,-0.492582,0.76447,-0.41587
1.0352,0.29487,-0.462328,0.450385,-0.504145,0.763063,-0.404441
1.035532,0.342632,-0.353783,0.339219,-0.510677,0.763283,-0.395738
1.050518,0.267581,-0.358436,0.188161,-0.514498,0.764793,-0.387792
1.066775,0.295849,-0.430052,0.144441,-0.518353,0.768828,-0.374452
1.066869,0.200656,-0.441302,0.243247,-0.521426,0.774829,-0.357429
1.083382,0.157189,-0.331274,0.222625,-0.5234,0.780951,-0.340835
1.098297,0.218267,-0.273301,0.173731,-0.524359,0.787201,-0.324595
1.098362,0.165117,-0.177039,0.096463,-0.525927,0.793402,-0.306454
1.115577,0.122838,-0.16573,0.071373,-0.528371,0.79897,-0.287178
1.12979,0.15422,-0.108981,0.079868,-0.530105,0.803942,-0.269565
1.129861,0.036405,-0.028408,0.205565,-0.532453,0.808529,-0.250548
1.145759,0.00518,-0.071414,0.123314,-0.535117,0.813174,-0.228905
1.1618,-0.012304,-0.036425,0.117668,-0.536753,0.817278,-0.209648
1.161872,-0.016894,-0.01722,0.040097,-0.537214,0.820565,-0.195126
1.177259,0.059966,-0.063926,0.10637,-0.536712,0.823874,-0.18213
1.193743,-0.014825,-0.0094,0.175276,-0.534202,0.828659,-0.167188
1.193814,-0.046308,0.035016,0.112806,-0.529345,0.834216,-0.154523
1.209783,-0.010877,0.045044,-0.019657,-0.521884,0.840851,-0.143551
1.225818,-0.072874,0.122183,-0.087944,-0.512316,0.848199,-0.134499
1.2259,-0.060966,0.164684,0.010043,-0.501259,0.856145,-0.125521
1.241189,-0.075293,0.157431,-0.01659,-0.489328,0.864709,-0.113293
1.257211,-0.017825,0.048685,0.014591,-0.475003,0.874411,-0.09888
1.257279,0.064966,-0.493721,-0.200711,-0.457377,0.885078,-0.086276
1.273421,0.176382,-0.770574,-0.390696,-0.43421,0.897741,-0.074316
1.289139,0.147539,-0.769794,-0.18412,-0.403719,0.913043,-0.057992
1.289212,0.127488,-0.691729,0.167918,-0.364976,0.930391,-0.034129
1.305018,0.010185,-0.464212,0.359693,-0.318367,0.947962,-0.003401
1.321297,-0.331383,-0.341078,0.330306,-0.26992,0.962416,0.029985
1.321371,-0.485666,-0.120444,0.533724,-0.229285,0.971396,0.061796
1.336594,-0.315978,0.167101,0.210204,-0.200425,0.97537,0.092103
1.353446,-0.169724,0.276505,-0.116242,-0.189376,0.975234,0.114258
1.353519,-0.081567,0.338155,-0.45717,-0.192374,0.974146,0.118455
1.368872,-0.013428,0.243143,-0.295455,-0.204574,0.973364,0.1035
1.385068,0.143918,0.112215,-0.138892,-0.218122,0.972685,0.079413
1.385148,0.227106,-0.444834,-0.123157,-0.23002,0.971476,0.057666
1.400495,0.209127,-0.508511,-0.264953,-0.241049,0.969724,0.039138
1.416548,0.303293,-0.601764,0.010355,-0.249765,0.968067,0.021552
1.416634,0.234122,-0.541399,0.023148,-0.245246,0.969439,0.006576
1.434429,0.015293,-0.434736,-0.08195,-0.230885,0.972944,-0.008489
1.450118,-0.114214,-0.329606,-0.042389,-0.216825,0.975861,-0.026108
1.450214,-0.169375,-0.265953,-0.110342,-0.204328,0.977943,-0.043329
1.46615,-0.122825,0.366197,-0.345346,-0.190255,0.979491,-0.066336
1.480074,0.238165,3.441341,-0.461259,-0.160605,0.982945,-0.089583
1.48014,-1.578626,5.530346,0.152667,-0.136812,0.985248,-0.102801
1.495934,-0.650335,2.116731,0.076071,-0.131723,0.986434,-0.097967
1.512134,0.115487,-0.067168,-0.254787,-0.128853,0.987364,-0.092244
1.512303,0.23503,-0.826556,0.022836,-0.125075,0.988146,-0.089014
1.530092,0.148152,-0.789157,0.035237,-0.12151,0.988803,-0.086629
1.544273,0.076725,-0.310695,0.048968,-0.120579,0.9891,-0.084506
1.54435,0.023723,-0.007727,0.047946,-0.121135,0.989111,-0.083575
1.559647,-0.040573,0.230125,0.075217,-0.122376,0.988839,-0.084983
1.575637,-0.076375,0.263649,0.181695,-0.123332,0.988625,-0.086084
1.57575,-0.090905,0.05578,-0.05066,-0.123466,0.988898,-0.082687
1.591421,-0.057613,-0.041415,-0.159637,-0.123432,0.989383,-0.076722
1.607823,-0.069499,-0.040917,-0.14942,-0.123342,0.989846,-0.070657
1.608034,-0.09158,-0.024048,-0.108931,-0.123065,0.990311,-0.064332
1.623398,-0.126771,-0.048864,-0.096805,-0.122344,0.990896,-0.056194
1.63965,-0.133625,-0.118292,-0.14116,-0.121075,0.991583,-0.045867
1.639716,-0.129958,-0.17526,-0.167546,-0.119645,0.992154,-0.036265
1.670132,-0.095772,-0.206242,-0.185981,-0.118538,0.992451,-0.031472
1.671238,-0.104935,-0.109335,-0.067314,-0.117401,0.992575,-0.031822
1.671931,-0.110097,-0.091525,-0.038793,-0.11587,0.992678,-0.034113
1.687617,-0.117406,-0.043974,-0.061044,-0.11404,0.992827,-0.03591
1.703503,-0.107825,-0.039058,-0.087311,-0.112863,0.992946,-0.036346
1.703578,-0.062805,-0.040838,-0.121412,-0.112824,0.992986,-0.035342
1.71915,-0.062438,-0.072739,-0.115009,-0.11403,0.992905,-0.033718
1.735186,-0.094885,-0.106636,-0.161572,-0.115869,0.992714,-0.03307
1.735251,-0.104813,-0.132332,-0.219479,-0.117858,0.992379,-0.035968
1.750882,-0.099433,-0.08909,-0.158057,-0.119668,0.991846,-0.043832
1.766801,-0.12318,-0.077277,0.005624,-0.120763,0.991446,-0.049508
1.766959,-0.152699,-0.121372,-0.035469,-0.120937,0.99152,-0.047569
1.782559,-0.17554,-0.052561,-0.249831,-0.120785,0.991846,-0.04065
1.799114,-0.15718,-0.095167,-0.192356,-0.120774,0.992048,-0.035412
1.799299,-0.150048,-0.085852,-0.102789,-0.120643,0.992102,-0.034342
1.816823,-0.147711,-0.070895,-0.110157,-0.12034,0.992129,-0.034618
1.832536,-0.133119,-0.066191,-0.147157,-0.119948,0.99217,-0.034789
1.832664,-0.124714,-0.066166,-0.165187,-0.119519,0.992206,-0.035237
1.846471,-0.124128,-0.067163,-0.168567,-0.119067,0.992242,-0.035763
1.862335,-0.117919,-0.059979,-0.167596,-0.118592,0.992276,-0.036384
1.862475,-0.116382,-0.053326,-0.184552,-0.118252,0.992306,-0.03667
1.878175,-0.120856,-0.038611,-0.208986,-0.118081,0.992331,-0.036558
1.894494,-0.126051,-0.020066,-0.229841,-0.118074,0.992341,-0.036303
1.894559,-0.140547,0.008067,-0.24307,-0.118471,0.992299,-0.036151
1.910223,-0.149799,0.040838,-0.244953,-0.119106,0.992228,-0.036023
1.925954,-0.161521,0.13954,-0.239543,-0.119866,0.992143,-0.035832
1.926027,-0.1656,0.188425,-0.235263,-0.120654,0.992056,-0.035611
1.941996,-0.1705,0.229407,-0.229897,-0.121218,0.991998,-0.035301
1.95822,-0.171447,0.243713,-0.219235,-0.121354,0.992005,-0.034626
1.958297,-0.171752,0.224738,-0.217776,-0.120912,0.992104,-0.033307
1.974298,-0.172853,0.188316,-0.213133,-0.1201,0.992256,-0.031679
1.989946,-0.172548,0.152748,-0.206717,-0.119048,0.992455,-0.029336
1.99002,-0.156611,0.130372,-0.223649,-0.117651,0.992705,-0.026366
2.005694,-0.14787,0.122644,-0.238297,-0.11568,0.993033,-0.022445
2.021543,-0.123078,0.121373,-0.262361,-0.113067,0.993434,-0.017439
2.021614,-0.10177,0.139904,-0.272915,-0.109808,0.993885,-0.011646
2.037429,-0.083527,0.146005,-0.26156,-0.106063,0.994346,-0.005239
2.053579,-0.01983,0.17658,-0.181316,-0.10192,0.994791,0.001674
2.053652,0.037261,0.161431,-0.141819,-0.097915,0.995155,0.008885
2.06961,0.107835,0.09971,-0.064975,-0.094438,0.995398,0.016254
2.085795,0.188317,-0.048983,0.006749,-0.091576,0.995516,0.023707
2.085872,0.228868,-0.206511,0.047938,-0.08896,0.995543,0.031316
2.101221,0.216097,-0.272462,0.099445,-0.086611,0.995499,0.038464
2.117223,0.186305,-0.28015,0.145857,-0.084712,0.99539,0.04497
2.117314,0.147165,-0.262009,0.211054,-0.083566,0.995178,0.051352
2.133372,0.089702,-0.23608,0.252314,-0.082942,0.994869,0.057928
2.150043,0.036918,-0.198666,0.278884,-0.082496,0.994473,0.064942
2.150154,0.025884,-0.155237,0.252978,-0.082006,0.994074,0.071363
2.165077,0.040177,-0.070294,0.213875,-0.080734,0.993786,0.076621
2.182742,0.17474,0.112385,0.080642,-0.077557,0.993679,0.081162
2.182841,0.195693,0.221613,-0.034429,-0.071151,0.993826,0.085134
2.19693,0.185006,0.312996,-0.068281,-0.06141,0.994179,0.088529
2.212759,0.18363,0.343901,-0.084511,-0.049597,0.994554,0.091668
2.212829,0.178808,0.289978,-0.073047,-0.036947,0.994797,0.094943
2.228704,0.196219,0.186034,-0.065501,-0.023581,0.994859,0.09849
2.244737,0.158449,0.125262,-0.085561,-0.009904,0.994687,0.102467
2.245124,0.101559,0.117154,-0.155955,0.003758,0.994266,0.106868
2.260715,0.030466,0.138754,-0.265823,0.017034,0.993723,0.110565
2.276451,-0.055335,0.184549,-0.337444,0.03028,0.993109,0.113216
2.27657,-0.149076,0.243229,-0.370509,0.044187,0.992336,0.115398
2.292339,-0.232865,0.286665,-0.415956,0.059251,0.991304,0.117494
2.308223,-0.282927,0.358722,-0.412653,0.07617,0.989743,0.120859
2.308296,-0.477118,0.699516,-0.309322,0.09458,0.987374,0.127071
2.323952,-0.616805,0.836354,-0.336326,0.112151,0.984386,0.135673
2.340127,-0.681971,0.827269,-0.417252,0.128077,0.98105,0.145386
2.340193,-0.674072,0.691317,-0.45494,0.143066,0.977384,0.15573
2.355665,-0.641381,0.516632,-0.480962,0.156884,0.973404,0.166952
2.371873,-0.580693,0.360624,-0.510044,0.168004,0.969454,0.1787
2.371956,-0.550614,0.261062,-0.532772,0.175888,0.965729,0.190869
2.387753,-0.459998,0.25543,-0.425322,0.180838,0.961946,0.204833
2.404057,-0.494999,0.258263,-0.318687,0.182164,0.957969,0.221611
2.404122,-0.585169,0.17041,-0.346339,0.17924,0.954147,0.239741
2.419787,-0.494399,-0.043608,-0.450495,0.173416,0.951018,0.255914
2.435766,-0.409441,-0.28017,-0.432612,0.16646,0.948826,0.268366
2.435885,-0.503485,-0.630439,-0.396796,0.158408,0.947883,0.27645
2.451726,-0.491041,-0.833579,-0.438641,0.149397,0.948432,0.279568
2.467852,-0.459271,-1.009856,-0.488189,0.139829,0.950332,0.27806
2.468158,-0.428817,-1.144654,-0.489198,0.13005,0.953385,0.272294
2.483692,-0.388223,-1.258704,-0.480365,0.119698,0.957404,0.262775
2.500384,-0.327947,-1.369791,-0.473674,0.107916,0.96229,0.249706
2.500486,-0.223055,-1.45724,-0.44674,0.094866,0.967707,0.233545
2.516385,-0.066593,-1.494313,-0.375274,0.081058,0.973164,0.215362
2.531982,0.167347,-1.472271,-0.282248,0.066387,0.978405,0.195746
2.532049,0.365887,-1.364461,-0.259434,0.050358,0.983449,0.174045
2.552154,0.562879,-1.219091,-0.359473,0.03374,0.988317,0.148627
2.563064,0.827114,-0.931197,-0.374432,0.018696,0.992614,0.119869
2.563137,1.254902,0.767766,-0.156189,0.008251,0.995937,0.089676
2.578957,1.279689,2.141288,-0.061499,0.006825,0.997872,0.064841
2.594917,1.264402,3.97114,-0.390269,0.015322,0.998465,0.053232
2.594982,0.367363,4.42988,-0.998661,0.026283,0.999243,0.028691
2.610768,0.129272,2.380196,0.838529,0.023285,0.999382,-0.026349
2.627014,0.14796,0.88911,2.350565,0.015324,0.996754,-0.079035
2.627086,0.212315,0.13852,2.766294,0.014903,0.994201,-0.106504
2.642616,-0.492821,0.55985,1.257885,0.0149,0.994608,-0.102627
2.660409,-0.791693,1.020342,0.123935,0.010504,0.996824,-0.078937
2.660478,-1.131868,1.05921,-0.480847,0.000704,0.998759,-0.049808
2.674785,-1.285516,0.977792,-0.675688,-0.014166,0.99961,-0.024065
2.690604,-1.267702,0.977932,-0.693604,-0.03198,0.99947,-0.006149
2.690677,-1.094613,0.866847,-1.158974,-0.048652,0.998799,0.005715
2.706509,-0.372337,0.20909,-0.830412,-0.061943,0.998003,0.012389
2.722538,-0.049866,-0.05282,-0.316784,-0.071762,0.997324,0.014004
2.72261,0.058598,-0.141915,0.021678,-0.07816,0.99685,0.013463
2.738395,0.203678,-0.158581,0.239267,-0.082325,0.996518,0.01322
2.754671,0.379949,-0.245439,0.307048,-0.084646,0.996293,0.015324
2.754738,0.47908,-0.356932,0.240943,-0.08493,0.996199,0.019326
2.770234,0.589417,-0.509581,0.113863,-0.0831,0.996275,0.023039
2.786132,0.707968,-0.692841,-0.009912,-0.078222,0.996597,0.025979
2.786203,0.824703,-0.911115,-0.079372,-0.069821,0.997159,0.028255
2.802354,0.845384,-1.121088,-0.097057,-0.058488,0.997843,0.029811
2.818577,0.721091,-1.303889,-0.097586,-0.046027,0.998469,0.030676
2.818653,0.591169,-1.436156,-0.049282,-0.033536,0.998961,0.030864
2.833775,0.280954,-1.730875,0.028312,-0.022654,0.999292,0.030023
2.850095,0.007083,-1.81235,0.059065,-0.014743,0.999499,0.028017
2.850183,-0.262383,-1.64629,0.179118,-0.011375,0.999638,0.024388
2.868428,-0.336008,-1.2874,0.296321,-0.011694,0.999771,0.017903
2.883286,-0.356576,-1.010013,0.479926,-0.015632,0.99985,0.007424
2.883387,-0.254826,-0.739154,0.636133,-0.023052,0.999713,-0.00651
2.897376,0.000238,-0.40111,1.520366,-0.032266,0.99927,-0.020473
2.913523,0.001808,0.696293,-0.189019,-0.046043,0.998043,-0.042304
2.915701,-0.374618,2.070527,-0.81989,-0.069168,0.995467,-0.065273
2.929447,0.587953,4.786132,1.027151,-0.09192,0.99376,-0.063177
2.945769,1.399252,4.396521,0.769836,-0.093832,0.99444,-0.047805
2.945836,1.276652,0.669523,0.543619,-0.074106,0.996798,-0.030039
2.961216,-0.199921,-0.991718,-0.03003,-0.048568,0.998707,-0.015044
2.97733,-0.285647,-0.749863,0.011268,-0.024,0.99971,0.001763
2.977401,-0.340431,0.165781,-0.287799,0.001731,0.999761,0.021777
2.994875,-0.397646,0.700609,-0.846498,0.022432,0.998945,0.040071
3.009507,-0.399095,1.080862,-1.632266,0.036591,0.998193,0.047656
3.009527,-0.661804,1.402549,-1.310129,0.046112,0.997918,0.045099
3.024992,-0.909535,1.058293,-0.473638,0.050526,0.997615,0.047018
3.040951,-1.027531,0.351343,-0.166078,0.05518,0.996603,0.061128
3.041024,-1.200227,0.070694,-0.040606,0.062975,0.994614,0.082323
3.056798,-1.003294,0.30873,0.008488,0.074385,0.991731,0.104579
3.072535,-0.536198,0.766922,-0.193089,0.084233,0.988693,0.124058
3.0726,-0.327215,0.97051,-0.282641,0.090246,0.985636,0.142749
3.088589,-0.360474,0.760454,-0.166843,0.091248,0.982069,0.164966
3.104559,-0.351586,-0.228482,-0.503402,0.08915,0.978223,0.187438
3.104631,-0.457983,-0.42106,-0.559078,0.08486,0.975122,0.204784
3.120788,-0.394996,-0.658059,-0.53399,0.077659,0.973413,0.215493
3.136795,-0.283973,-0.886636,-0.529609,0.067497,0.973001,0.22071
3.136975,-0.231883,-1.026198,-0.508839,0.055156,0.973585,0.221561
3.152327,-0.222917,-1.185814,-0.492998,0.040468,0.975105,0.218019
3.179685,-0.176488,-1.419541,-0.499879,0.023534,0.977616,0.209077
3.179783,-0.036193,-1.724343,-0.505018,0.006163,0.981103,0.193387
3.185175,0.092952,-1.971056,-0.450336,-0.00999,0.985094,0.171726
3.200252,0.223458,-2.086353,-0.412202,-0.024148,0.98888,0.146745
3.200335,0.410321,-2.11851,-0.362596,-0.036557,0.992046,0.120454
3.216402,0.614478,-2.001094,-0.300755,-0.047263,0.994517,0.093281
3.231955,0.695335,-1.349712,-0.186579,-0.057411,0.996212,0.065317
3.232019,0.768929,-0.917637,-0.005848,-0.068444,0.996952,0.037449
3.249092,0.826618,-0.313318,0.180303,-0.08234,0.99656,0.009348
3.263672,1.980154,2.779397,0.735976,-0.105688,0.99401,-0.027831
3.263672,1.052993,0.488923,0.456736,-0.098388,0.99501,-0.016612
3.279467,2.458086,6.210587,-1.194097,-0.087358,0.995972,-0.020213
3.296021,0.049394,6.106921,-2.98682,-0.071245,0.995831,-0.056957
3.296095,-0.826949,2.939382,0.688012,-0.083924,0.988521,-0.125634
3.311563,-0.564161,0.874538,3.901059,-0.099032,0.97823,-0.18237
3.327398,-0.462135,-0.050486,3.565354,-0.09974,0.974757,-0.199753
3.327472,-1.187552,0.833168,1.470882,-0.099588,0.97831,-0.181636
3.343381,-1.43706,1.321727,0.13194,-0.106306,0.983769,-0.144559
3.359722,-1.39748,0.867571,-0.955563,-0.121289,0.98715,-0.104038
3.359912,-1.117502,0.690894,-1.18042,-0.140235,0.987664,-0.069671
3.375321,-0.88068,0.453603,-1.0774,-0.157925,0.986506,-0.04319
3.391257,-0.488105,0.180035,-0.801256,-0.172509,0.984745,-0.022765
3.39133,-0.063724,-0.07999,-0.601648,-0.182919,0.983081,-0.009588
3.40698,0.237248,-0.356725,-0.290947,-0.188893,0.981984,-0.005104
3.423563,0.464803,-0.630231,-0.002001,-0.189718,0.981809,-0.007673
3.423956,0.683898,-0.82824,0.075967,-0.18489,0.982658,-0.014078
3.438969,0.827677,-0.933016,-0.009561,-0.174936,0.984347,-0.021414
3.454987,0.834877,-1.056651,-0.140439,-0.162071,0.986369,-0.02846
3.455053,0.839738,-1.217912,-0.090114,-0.146668,0.988573,-0.034825
3.470975,0.754746,-1.366427,0.04826,-0.129624,0.990725,-0.040752
3.486642,0.478215,-1.577162,0.357317,-0.112614,0.992567,-0.046145
3.486712,0.418781,-1.635846,0.466309,-0.096683,0.994092,-0.049332
3.502725,0.356669,-1.716314,0.534442,-0.082606,0.995366,-0.049212
3.518381,0.1061,-1.719596,0.449445,-0.071753,0.996253,-0.048291
3.518454,-0.184534,-1.607942,0.312159,-0.068487,0.996416,-0.049647
3.535214,-0.106045,-1.194481,0.35172,-0.071293,0.99598,-0.054235
3.550769,-0.149987,-0.906838,0.533764,-0.076453,0.995202,-0.061062
3.550868,-0.178337,-0.726496,0.465275,-0.082573,0.99418,-0.069187
3.566737,-0.124946,-0.5022,0.592119,-0.088143,0.993151,-0.076692
3.585114,-0.111955,-0.086344,0.624996,-0.093551,0.991801,-0.087063
3.585187,-0.4847,0.516506,-1.605634,-0.103359,0.988392,-0.111346
3.600124,-0.470087,2.023462,0.319507,-0.116262,0.985038,-0.127216
3.614454,0.292344,5.663463,1.474124,-0.125733,0.984593,-0.121524
3.614524,0.788572,0.566961,0.602037,-0.118925,0.987391,-0.104479
3.630126,-0.010536,-0.396179,0.414508,-0.102547,0.991103,-0.084841
3.646141,-0.447097,-0.612882,0.190434,-0.086732,0.99426,-0.062642
3.646207,-0.494096,-0.046624,-0.30974,-0.071104,0.996804,-0.036406
3.661981,-0.535489,0.53007,-1.117319,-0.055088,0.998403,-0.012503
3.677884,-0.521398,0.837878,-1.425931,-0.039821,0.999204,0.002453
3.677953,-0.637918,1.09584,-0.978954,-0.026252,0.999588,0.011592
3.693783,-0.824728,0.86995,-0.645998,-0.015344,0.999649,0.021609
3.709793,-0.85873,0.260154,-0.188519,-0.004032,0.999276,0.037824
3.709866,-0.912506,0.054519,0.180384,0.006943,0.998032,0.062322
3.725739,-0.723014,0.492709,0.271532,0.01432,0.995619,0.092405
3.741466,-0.549963,1.01829,0.139618,0.017126,0.992361,0.122177
3.74154,-0.407563,0.775756,-0.349418,0.016511,0.989182,0.145759
3.757567,-0.599162,0.149276,-0.234243,0.010554,0.986176,0.165365
3.773571,-0.673455,-0.411091,-0.398794,-0.001273,0.982777,0.18479
3.773643,-0.664193,-0.824004,-0.60298,-0.01519,0.979903,0.198897
3.789503,-0.498579,-1.135163,-0.70055,-0.029528,0.978516,0.204044
3.805058,-0.21142,-1.338003,-0.702487,-0.044714,0.978415,0.201755
3.805125,0.040633,-1.521216,-0.766567,-0.062026,0.979392,0.192211
3.821103,0.263213,-1.805792,-0.795764,-0.080199,0.981467,0.174044
3.837583,0.386708,-2.04985,-0.74173,-0.096578,0.984389,0.147141
3.837649,0.449654,-2.155004,-0.637384,-0.110466,0.987172,0.115274
3.853103,0.513262,-2.117957,-0.513053,-0.122286,0.988944,0.083884
3.86908,0.601228,-2.016669,-0.352539,-0.132539,0.989646,0.055084
3.869152,0.929335,-1.480015,0.15883,-0.141188,0.989506,0.030714
3.884965,0.937494,-0.843957,0.396865,-0.148905,0.988809,0.009217
3.900838,0.762828,0.001409,0.605374,-0.158321,0.987315,-0.01199
3.900909,0.73435,1.233654,1.024625,-0.170202,0.984944,-0.030286
3.91858,1.516559,5.359769,0.516472,-0.178394,0.983599,-0.026619
3.932981,2.003355,6.78212,-3.198404,-0.168227,0.985275,-0.030539
3.933075,0.266961,4.437383,-1.450781,-0.159386,0.98318,-0.089181
3.948491,-0.252812,1.266496,2.965703,-0.163203,0.973418,-0.160695
3.966556,-0.322525,-0.375717,3.637647,-0.163254,0.965271,-0.203962
3.966652,-0.940193,-0.568458,2.367182,-0.164681,0.964897,-0.204585
3.980201,-0.997856,0.222829,0.861837,-0.168373,0.970332,-0.173513
3.995961,-1.257938,0.95756,-0.291563,-0.174801,0.975423,-0.134142
3.996033,-1.708487,1.166353,-0.91503,-0.186121,0.977278,-0.101419
4.01215,-1.22413,0.502968,-1.083572,-0.198202,0.976859,-0.080384
4.028112,-0.723239,0.372476,-0.865384,-0.209683,0.975486,-0.06679
4.028177,-0.263877,0.135163,-0.563851,-0.218865,0.974059,-0.057502
4.043961,0.045927,-0.1379,-0.153733,-0.225111,0.972861,-0.053542
4.060196,0.266055,-0.373684,0.182088,-0.228274,0.972073,-0.054448
4.060268,0.454641,-0.579408,0.353347,-0.22733,0.972169,-0.05664
4.075842,0.621803,-0.744984,0.298618,-0.222144,0.973225,-0.05904
4.092569,0.746953,-0.834562,0.153306,-0.214132,0.974912,-0.060776
4.092636,0.884454,-0.923139,0.017029,-0.204629,0.976926,-0.061173
4.107823,1.037322,-1.054786,0.00791,-0.193343,0.979225,-0.061133
4.123865,1.083794,-1.261923,0.043658,-0.179574,0.981711,-0.06322
4.12393,0.959031,-1.460393,0.164657,-0.164674,0.984059,-0.067153
4.139898,0.543334,-1.780439,0.370357,-0.151595,0.985944,-0.070232
4.155754,0.294225,-1.831241,0.454529,-0.141744,0.987369,-0.070786
4.155937,-0.016098,-1.734535,0.363798,-0.137482,0.987999,-0.070402
4.172173,-0.21769,-1.689181,0.267383,-0.140373,0.987383,-0.073276
4.187655,-0.264408,-1.347259,0.454958,-0.148952,0.985473,-0.08159
4.187725,-0.210473,-0.913988,0.545028,-0.159477,0.982592,-0.095291
4.203422,-0.236404,-0.588743,0.649447,-0.169297,0.979215,-0.111697
4.219586,-0.133625,-0.096182,1.299887,-0.177319,0.975866,-0.127448
4.219662,-0.738811,0.822025,-1.562441,-0.188298,0.970532,-0.150374
4.235351,-0.83455,4.60123,0.18029,-0.202194,0.96568,-0.163032
4.251443,-0.405424,6.617447,0.782834,-0.21242,0.964874,-0.154584
4.251522,1.226132,2.201873,1.335959,-0.200939,0.970689,-0.131857
4.267082,-0.219584,-0.957967,0.353856,-0.18218,0.977315,-0.108006
4.28384,-0.276483,-1.067688,0.197412,-0.166617,0.98294,-0.07789
4.283934,-0.376001,-0.111464,-0.552103,-0.146902,0.988219,-0.042929
4.29869,-0.606619,0.575293,-2.016453,-0.12507,0.992014,-0.016323
4.316537,-1.067594,1.122414,-1.936429,-0.108461,0.994087,-0.005206
4.316625,-1.082489,1.219816,-0.972151,-0.099899,0.994998,-0.000398
4.332846,-0.988637,0.46472,-0.105373,-0.092128,0.995684,0.011256
4.346996,-1.159106,-0.003993,0.334168,-0.083539,0.995891,0.034973
4.347121,-1.002755,0.013369,0.282424,-0.076866,0.994795,0.066895
4.362585,-0.881383,0.599959,0.145513,-0.073848,0.992189,0.100535
4.378635,-0.661334,1.052426,-0.147157,-0.075666,0.98862,0.130022
4.378706,-0.260988,1.031768,-0.361508,-0.080595,0.984894,0.153256
4.394553,-0.166584,0.345332,-0.562846,-0.089351,0.981222,0.170939
4.411059,-0.510088,-0.72663,-0.670209,-0.101271,0.977927,0.182767
4.411189,-0.509048,-0.974521,-0.68193,-0.114426,0.975589,0.187438
4.426802,-0.278724,-1.204609,-0.733514,-0.128625,0.974217,0.185358
4.442439,0.051684,-1.471355,-0.799774,-0.144,0.973675,0.176697
4.442503,0.485283,-1.877248,-0.730062,-0.160149,0.973836,0.161229
4.458285,0.900235,-2.26875,-0.620981,-0.173917,0.974957,0.138605
4.474387,1.005581,-2.486834,-0.457161,-0.183072,0.976717,0.111839
4.474452,0.960597,-2.510104,-0.265924,-0.188884,0.978381,0.084223
4.490132,0.915718,-2.268381,-0.042266,-0.192833,0.979318,0.061248
4.506067,0.936076,-1.802083,0.28924,-0.195216,0.979726,0.045035
4.506132,0.957281,-1.333234,0.448501,-0.195059,0.980298,0.031098
4.522275,0.958926,-0.943692,0.658001,-0.194247,0.980832,0.015369
4.537916,0.452484,0.309104,0.695319,-0.199142,0.979959,-0.004798
4.537986,0.29879,1.864215,0.61241,-0.207176,0.978131,-0.01837
4.553906,0.807227,5.93164,-0.69643,-0.212531,0.977066,-0.013103
4.569762,1.02202,6.788506,-3.34141,-0.204409,0.978599,-0.023687
4.569833,1.006832,6.788384,-3.285722,-0.18922,0.978721,-0.079375
4.586259,-0.48756,0.901134,1.361057,-0.181263,0.969884,-0.162693
4.601632,-0.361777,-0.434029,3.924167,-0.180001,0.958657,-0.220401
4.601703,-0.739464,-0.797633,2.156146,-0.182717,0.954142,-0.237124
4.617439,-0.769885,-0.15968,1.019274,-0.189938,0.957959,-0.215029
4.633712,-1.003509,0.661001,0.205974,-0.196229,0.964777,-0.175212
4.633765,-1.686132,1.287228,-0.28441,-0.205165,0.968601,-0.140426
4.649996,-1.809216,1.163097,-1.274655,-0.219181,0.968174,-0.120822
4.665585,-1.03572,0.370514,-0.964593,-0.235795,0.965714,-0.108618
4.665684,-0.574213,0.125788,-0.499048,-0.250586,0.963019,-0.099005
4.682533,-0.174379,-0.080833,0.055063,-0.262175,0.960655,-0.091685
4.699769,0.166399,-0.241695,0.395529,-0.270571,0.958874,-0.085745
4.699861,0.44919,-0.466066,0.206088,-0.275317,0.957979,-0.080477
4.712935,0.69747,-0.66613,0.107,-0.27593,0.958107,-0.076773
4.729166,0.937094,-0.875147,0.11256,-0.272848,0.959177,-0.074382
4.729323,1.07576,-1.062286,0.041951,-0.267501,0.960846,-0.072239
4.74476,1.26515,-1.233729,-0.022561,-0.25926,0.9631,-0.072273
4.760757,1.321821,-1.38377,-0.000708,-0.247236,0.966045,-0.075037
4.760853,1.182274,-1.525412,-0.0402,-0.232414,0.969412,-0.078895
4.786129,1.012513,-1.645374,0.106677,-0.216904,0.972782,-0.08153
4.792889,0.863564,-1.745355,0.300718,-0.20327,0.975641,-0.082502
4.792981,0.268187,-1.797731,0.348161,-0.194472,0.977144,-0.085847
4.80859,-0.046778,-1.746797,0.452475,-0.193517,0.976716,-0.092612
4.824562,-0.192215,-1.326052,0.539562,-0.198944,0.974765,-0.101268
4.824632,-0.300562,-0.827739,0.778542,-0.206518,0.972194,-0.110405
4.840438,-0.419155,-0.559601,0.816048,-0.214069,0.969162,-0.122063
4.856403,-0.512702,-0.318219,0.759674,-0.220071,0.965756,-0.137421
4.856475,-0.633618,0.091486,0.021993,-0.223437,0.96134,-0.16094
4.871863,-0.841275,0.508708,-0.461819,-0.225162,0.954259,-0.196705
4.888342,-1.47373,4.689656,0.390922,-0.241083,0.947627,-0.209479
4.888413,-0.733438,6.684568,1.288398,-0.261755,0.946475,-0.188865
4.903886,1.388069,2.478913,1.304615,-0.252388,0.9552,-0.154575
4.920295,0.742269,0.063314,0.373825,-0.229314,0.965098,-0.126495
4.920368,0.220716,-0.989037,-0.423282,-0.208799,0.973381,-0.094509
4.935946,0.029072,-0.363623,-0.960387,-0.187321,0.980642,-0.057024
4.952003,-0.365519,0.26998,-1.733874,-0.164023,0.986109,-0.026197
4.952074,-0.963561,0.826139,-1.886137,-0.144029,0.989519,-0.010362
4.968134,-1.226336,1.109414,-0.626553,-0.132199,0.991217,-0.003345
4.98388,-0.974597,0.711998,0.669931,-0.124799,0.992119,0.011191
4.983972,-0.78132,0.340435,0.59722,-0.117774,0.992267,0.039179
4.999487,-0.769166,0.415051,0.29894,-0.114394,0.990512,0.076152
5.016528,-1.074138,0.907123,0.08584,-0.118428,0.986477,0.113302
5.01662,-0.633588,1.086882,-0.473547,-0.125781,0.982057,0.140509
5.041095,-0.311107,0.690585,-0.793001,-0.134022,0.978529,0.156588
5.054086,-0.574464,-0.092605,-0.796922,-0.145842,0.974608,0.169908
5.054155,-0.564495,-1.04757,-0.658666,-0.155873,0.971306,0.179632
5.063397,-0.447885,-1.160803,-0.681177,-0.164466,0.96926,0.182993
5.078989,-0.154304,-1.384474,-0.663765,-0.173775,0.968184,0.180061
5.079061,0.153786,-1.703833,-0.586879,-0.1847,0.967826,0.170878
5.09503,0.463837,-2.079079,-0.56914,-0.197006,0.968148,0.154528
5.111022,0.655863,-2.373947,-0.522932,-0.208612,0.969223,0.13072
5.111095,0.729502,-2.505954,-0.422209,-0.217768,0.970569,0.102827
5.126915,0.729256,-2.418039,-0.509135,-0.224145,0.971643,0.075297
5.143127,0.845353,-2.203781,-0.597762,-0.228089,0.972321,0.050673
5.143202,0.993706,-1.777923,-0.316881,-0.232185,0.972198,0.030336
5.158783,1.030653,-1.318312,-0.070014,-0.237669,0.971281,0.011222
5.174534,0.873015,-0.774521,0.332491,-0.246108,0.969207,-0.008227
5.174566,0.739142,-0.171144,0.691822,-0.25852,0.965654,-0.026082
5.190669,0.422257,1.914262,0.999554,-0.274064,0.961012,-0.036663
5.20749,0.816825,5.676989,-0.824249,-0.288337,0.957151,-0.026901
5.207561,0.845265,6.826978,-2.916802,-0.290394,0.956515,-0.027381
5.222501,-0.603037,4.184756,0.014078,-0.285757,0.953931,-0.091425
5.238477,-0.816616,1.333374,2.959164,-0.289448,0.942123,-0.169186
5.238549,-0.53959,-0.21157,3.313437,-0.29354,0.929999,-0.221213
5.254408,-0.755256,-0.655853,1.670503,-0.300759,0.923888,-0.236589
5.270378,-0.827132,-0.160623,0.603759,-0.313752,0.925363,-0.212753
5.27045,-1.217592,0.693726,0.107612,-0.326521,0.9299,-0.169319
5.286055,-1.896429,1.179915,-0.652729,-0.339899,0.930818,-0.134334
5.302149,-1.835032,0.978624,-1.17669,-0.356084,0.928053,-0.109184
5.30222,-1.326044,0.590828,-1.054744,-0.373572,0.923546,-0.086644
5.318392,-0.306373,-0.029893,-0.529531,-0.390267,0.918153,-0.068461
5.334325,0.088342,-0.252507,-0.192508,-0.404229,0.912953,-0.055813
5.33442,0.477895,-0.383854,0.13548,-0.413853,0.909153,-0.046536
5.350048,0.786995,-0.518667,0.088763,-0.417976,0.907583,-0.039858
5.368591,1.032505,-0.662472,0.01585,-0.41634,0.908459,-0.036937
5.368671,1.215246,-0.795494,-0.051159,-0.409323,0.911644,-0.036868
5.381622,1.306094,-0.945436,-0.206966,-0.398516,0.916306,-0.039586
5.399405,1.356141,-1.055883,-0.257158,-0.384492,0.921987,-0.045882
5.399503,1.306978,-1.207685,-0.137606,-0.367845,0.928251,-0.055143
5.413948,1.118886,-1.368408,0.118881,-0.350561,0.934356,-0.063919
5.429594,0.924386,-1.533265,0.404734,-0.335427,0.939713,-0.066538
5.429666,0.799442,-1.64429,0.514297,-0.323337,0.944186,-0.062972
5.44544,0.27647,-1.63895,0.355223,-0.315502,0.947055,-0.059538
5.461494,0.053543,-1.628936,0.210156,-0.313217,0.947722,-0.060971
5.461564,-0.109174,-1.591108,0.565209,-0.315737,0.946485,-0.066903
5.477806,-0.206262,-1.145356,0.667063,-0.319541,0.944474,-0.076563
5.493357,-0.329013,-0.778401,0.568535,-0.322613,0.942479,-0.087486
5.493431,-0.486686,-0.241341,1.046914,-0.324166,0.941018,-0.096963
5.509203,-1.061579,0.339167,-1.406741,-0.324193,0.937886,-0.123563
5.525221,-1.691702,4.164719,-0.088742,-0.324029,0.934219,-0.149128
5.525293,-2.241691,6.918071,0.803655,-0.332406,0.932881,-0.138708
5.541308,0.693077,3.305689,1.348524,-0.326103,0.939154,-0.107923
5.557254,0.498481,0.30631,0.701324,-0.307624,0.948451,-0.076217
5.557326,-0.038463,-0.801796,0.390893,-0.290531,0.956032,-0.039925
5.573094,-0.152396,-1.111654,0.039438,-0.272256,0.962225,-0.000101
5.58883,-0.483447,-0.012809,-2.404733,-0.248838,0.968207,0.025582
5.588903,-1.124351,0.448169,-1.918605,-0.224938,0.973752,0.034786
5.605607,-1.306304,0.578603,-0.806861,-0.206361,0.977595,0.041511
5.620649,-1.063563,0.029843,0.406959,-0.191534,0.980014,0.053735
5.620723,-0.846463,-0.07152,0.666412,-0.178714,0.981126,0.073838
5.63676,-0.679056,0.237738,0.395533,-0.169593,0.980249,0.101735
5.652517,-0.949207,0.869061,0.128614,-0.166546,0.977131,0.132205
5.652589,-0.813555,1.233559,-0.56924,-0.170485,0.973152,0.154628
5.668527,-0.368021,0.620226,-0.888397,-0.178412,0.969328,0.169036
5.684854,-0.305292,-0.298847,-0.661815,-0.191275,0.964405,0.182583
5.684928,-0.263597,-0.926635,-0.539654,-0.204726,0.9597,0.192516
5.700357,-0.185898,-1.156407,-0.509997,-0.217681,0.956318,0.195116
5.716531,0.398313,-1.518371,-0.584517,-0.231656,0.954208,0.189269
5.716621,0.732984,-1.769297,-0.551009,-0.247129,0.953241,0.173949
5.732484,0.997874,-2.058824,-0.476559,-0.263956,0.953218,0.14732
5.750719,1.136149,-2.271022,-0.307743,-0.28123,0.953242,0.11063
5.750846,1.228838,-2.33769,-0.296854,-0.296068,0.95265,0.069299
5.764505,1.185927,-2.126146,-0.284299,-0.307234,0.951113,0.031492
5.779765,1.226441,-1.829161,-0.140182,-0.318161,0.948027,0.004195
5.779836,1.301183,-1.478145,0.09371,-0.330373,0.943752,-0.013647
5.796121,1.305643,-0.919688,0.438978,-0.341592,0.939418,-0.02844
5.811739,1.029637,-0.225409,0.670346,-0.35558,0.93357,-0.044843
5.811812,0.689888,0.569289,0.97239,-0.368416,0.928178,-0.052483
5.827785,0.286392,4.210942,0.974887,-0.379578,0.924571,-0.032992
5.843724,-0.536785,6.188693,-1.468489,-0.384159,0.92169,-0.053941
5.843796,-0.93819,2.388849,1.752179,-0.382367,0.91265,-0.144452
5.859702,-0.930342,0.222654,4.712172,-0.382784,0.896609,-0.22264
5.87556,-1.212792,-0.698572,2.605629,-0.386802,0.884683,-0.260231
5.875634,-1.394966,-0.664653,1.173664,-0.403831,0.880244,-0.24918
5.891354,-1.51476,-0.274075,0.404246,-0.430216,0.880612,-0.198588
5.907435,-1.973811,0.061639,-0.801088,-0.457158,0.877646,-0.144026
5.907574,-2.097978,0.026783,-1.722168,-0.483778,0.868725,-0.106186
5.924011,-2.075274,0.036972,-1.748405,-0.506483,0.858535,-0.079949
5.939881,-0.978338,-0.2957,-1.246876,-0.524469,0.84938,-0.059032
5.93995,-0.235198,-0.1875,-0.866992,-0.538698,0.841293,-0.045056
5.955187,0.298915,-0.186896,-0.420437,-0.547999,0.835502,-0.040424
5.971125,0.659052,-0.216023,-0.017125,-0.552714,0.83228,-0.042628
5.971196,1.279318,-0.40917,0.315153,-0.552939,0.831823,-0.048262
5.986877,1.471029,-0.631077,0.302634,-0.546255,0.835744,-0.056021
6.002903,1.351547,-0.74403,0.107204,-0.533157,0.843532,-0.064785
6.002975,1.316784,-0.85456,0.057924,-0.516903,0.853004,-0.072084
6.018647,1.263753,-1.086661,0.135432,-0.498113,0.863638,-0.07754
6.035024,1.059076,-1.285933,0.259866,-0.478388,0.874358,-0.081506
6.035097,0.939188,-1.525815,0.397703,-0.461207,0.883542,-0.081495
6.050843,0.922574,-1.736627,0.470999,-0.447721,0.890894,-0.076513
6.067596,0.696572,-1.778757,0.503939,-0.438607,0.895838,-0.071398
6.067691,0.4487,-1.746588,0.375254,-0.434861,0.897543,-0.072886
6.082424,0.389531,-1.656068,0.395162,-0.437017,0.895616,-0.082997
6.09984,0.26446,-1.329725,0.692638,-0.441737,0.89131,-0.102153
6.099933,-0.15366,-0.46125,1.517473,-0.444317,0.886955,-0.12607
6.11471,-0.52373,0.29961,-1.010191,-0.444502,0.883496,-0.147829
6.130448,-1.576924,2.126349,-1.045898,-0.444057,0.878412,-0.176651
6.132338,-3.870418,6.864707,0.37118,-0.44164,0.87832,-0.183054
6.14651,-1.73224,5.234501,0.981364,-0.449065,0.878536,-0.162837
6.162218,0.347019,0.914317,1.233795,-0.447101,0.884557,-0.132889
6.162288,0.192413,-0.76107,0.774137,-0.439407,0.893059,-0.096784
6.178491,0.112728,-1.436586,0.609788,-0.427318,0.902422,-0.055086
6.194504,-0.04102,-1.060879,-0.828103,-0.404994,0.91409,-0.020484
6.194578,-0.323748,-0.196035,-2.291703,-0.37666,0.926351,0.000733
6.210127,-0.959953,0.475158,-2.728102,-0.351616,0.936113,0.007704
6.225687,-1.364915,0.905198,-1.880864,-0.336409,0.941665,0.009816
6.225759,-0.797166,-0.120556,1.127539,-0.325225,0.945355,0.02308
6.241585,-0.839233,0.050003,0.322542,-0.314453,0.948029,0.048582
6.257555,-1.272395,0.561471,0.086586,-0.309758,0.947211,0.08271
6.257623,-1.241124,1.037861,-0.107653,-0.313274,0.942593,0.115663
6.273358,-0.823548,0.795895,-0.724051,-0.323669,0.935672,0.140555
6.289669,-0.230679,-0.05701,-0.787571,-0.336658,0.928027,0.159458
6.289741,0.017782,-0.704238,-0.62785,-0.35111,0.91989,0.174709
6.305484,0.067422,-1.098069,-0.550798,-0.364678,0.913132,0.182206
6.321333,0.142278,-1.266348,-0.458771,-0.378407,0.907828,0.18071
6.321403,0.413006,-1.424628,-0.515133,-0.393582,0.903372,0.17033
6.337183,0.736787,-1.609829,-0.511969,-0.410478,0.899624,0.148948
6.353003,1.249295,-1.91848,-0.5446,-0.426556,0.897057,0.115493
6.353074,1.67776,-2.189386,-0.29351,-0.439372,0.895257,0.073936
6.368846,1.582808,-2.040469,-0.295872,-0.44792,0.893435,0.033772
6.384974,1.489555,-1.74504,-0.097179,-0.453194,0.891371,0.008526
6.385045,1.462633,-1.462204,0.161189,-0.458208,0.88884,-0.002879
6.401418,1.483352,-1.175062,0.492797,-0.464675,0.885404,-0.011672
6.4172,1.404176,-0.755358,0.610349,-0.472734,0.880922,-0.022321
6.417291,0.993504,-0.20863,0.56469,-0.481968,0.87553,-0.033959
6.432647,0.571932,0.180129,0.470432,-0.491136,0.870042,-0.04256
6.451974,0.429508,1.087864,0.171934,-0.493656,0.86874,-0.039945
6.452052,-0.324575,5.039405,-1.955057,-0.483469,0.875024,-0.024313
6.46464,-2.99808,7.023149,-2.234872,-0.479504,0.874175,-0.076773
6.482516,-1.704105,5.210086,0.892821,-0.475399,0.860485,-0.183196
6.483122,-0.723576,1.503953,3.02585,-0.4687,0.843444,-0.262529
6.496826,-0.75149,-0.940028,1.670331,-0.466467,0.832621,-0.298581
6.512742,-0.990253,-0.811107,0.712084,-0.478253,0.831492,-0.282656
6.5128,-1.405933,-0.24956,0.052498,-0.498989,0.838168,-0.220192
6.528873,-2.091517,0.412995,-0.891999,-0.51798,0.840759,-0.157547
6.544157,-2.142499,0.636358,-1.492407,-0.536456,0.835154,-0.121378
6.544324,-1.485742,0.363116,-1.181585,-0.553153,0.827405,-0.097071
6.560311,-0.838156,0.143286,-1.102587,-0.569529,0.818628,-0.074064
6.576258,-0.189838,-0.04381,-0.768886,-0.584668,0.809328,-0.056142
6.576325,0.253723,-0.184668,-0.293973,-0.59523,0.802313,-0.044666
6.592158,0.595426,-0.226315,0.213587,-0.600522,0.798672,-0.038676
6.607837,0.927118,-0.262856,0.244998,-0.600473,0.798714,-0.038578
6.607901,1.305544,-0.406669,0.075613,-0.593279,0.803794,-0.043981
6.624584,1.660653,-0.726837,-0.135413,-0.578927,0.813705,-0.052224
6.640226,1.757368,-0.861805,-0.164289,-0.559614,0.826573,-0.060076
6.64029,1.70107,-1.039159,-0.034647,-0.535787,0.841909,-0.0642
6.655701,1.351836,-1.22919,0.292204,-0.509856,0.85799,-0.062452
6.672223,1.103802,-1.474659,0.559489,-0.486355,0.872074,-0.05427
6.672288,0.941595,-1.644622,0.60343,-0.46694,0.883178,-0.044303
6.687724,0.702841,-1.698556,0.576007,-0.45313,0.890527,-0.040439
6.704299,0.46095,-1.694134,0.525084,-0.446637,0.893536,-0.045913
6.704372,0.240266,-1.785215,0.95314,-0.447968,0.891935,-0.061447
6.719662,-0.084931,-1.79779,1.143977,-0.454268,0.886566,-0.087413
6.735642,-0.350235,-0.990879,0.79303,-0.460556,0.879932,-0.116653
6.735714,-0.326916,0.20902,0.042823,-0.465442,0.872432,-0.149085
6.751712,-3.030276,5.136213,0.02005,-0.466535,0.865664,-0.18158
6.767278,-4.044125,6.837797,0.845363,-0.472385,0.861361,-0.186839
6.767351,-0.785437,2.854242,1.584171,-0.478555,0.862311,-0.165546
6.783511,-0.004318,0.168894,0.986792,-0.474655,0.871404,-0.123922
6.799252,0.091927,-1.005424,0.447339,-0.464822,0.881981,-0.077787
6.799318,0.081836,-1.192362,-0.079423,-0.446277,0.894144,-0.036651
6.816515,-0.100679,-0.29323,-1.254722,-0.41786,0.908433,-0.011895
6.831198,-0.569872,0.417769,-1.977527,-0.389616,0.920976,0.001361
6.831266,-0.877567,0.727613,-1.813964,-0.371014,0.928576,0.009734
6.847117,-0.673752,0.481065,-0.568414,-0.359024,0.933028,0.02366
6.862635,-0.573862,-0.278024,0.282488,-0.348425,0.936318,0.043684
6.862701,-0.596408,-0.439419,0.1614,-0.341596,0.937512,0.066215
6.878952,-0.74153,-0.172737,-0.114108,-0.341905,0.934974,0.09447
6.895047,-1.079663,0.695525,-0.357895,-0.348544,0.929231,0.122666
6.895113,-0.545225,0.522488,-0.652464,-0.361375,0.921299,0.143584
6.910694,0.179802,0.000615,-0.602145,-0.375878,0.913432,0.156069
6.926691,0.520026,-0.667454,-0.547717,-0.388999,0.906178,0.165896
6.926762,0.50799,-0.997668,-0.383891,-0.398661,0.901217,0.169932
6.942478,0.503711,-1.092708,-0.35095,-0.406512,0.898647,0.164869
6.958619,0.658469,-1.22956,-0.36725,-0.414909,0.897345,0.150407
6.958766,0.930821,-1.463557,-0.35882,-0.424137,0.896693,0.126688
6.974396,1.19284,-1.719229,-0.254356,-0.433227,0.896262,0.095024
6.990421,1.357083,-1.898733,-0.166909,-0.441388,0.895391,0.058755
6.990556,1.455104,-2.006533,-0.110883,-0.447063,0.894168,0.024472
7.006288,1.466171,-1.938207,-0.098683,-0.45015,0.89295,0.002415
7.022552,1.374323,-1.495669,0.106433,-0.453241,0.89136,-0.007068
7.022629,1.390041,-1.220082,0.284001,-0.457729,0.888982,-0.013967
7.038059,1.279471,-0.865247,0.35502,-0.463919,0.885541,-0.024407
7.054093,0.846566,-0.299555,0.382982,-0.472588,0.880412,-0.039186
7.05417,0.509515,0.169795,0.442526,-0.483316,0.873723,-0.054892
7.069985,0.455299,1.121197,0.273034,-0.488273,0.870471,-0.062204
7.088949,-0.48836,5.58005,-2.808449,-0.479124,0.876386,-0.048866
7.089035,-3.597891,7.036971,-2.644683,-0.472635,0.876238,-0.093934
7.101794,-2.310008,4.890622,1.13838,-0.469838,0.859256,-0.202315
7.119598,-1.212746,1.157652,4.026492,-0.470786,0.838793,-0.27347
7.11967,-0.858756,-0.629257,3.51688,-0.476892,0.827728,-0.295703
7.133727,-0.97635,-1.034953,1.722096,-0.49327,0.82693,-0.269948
7.158999,-1.531052,-0.497816,-0.143659,-0.514999,0.831999,-0.206286
7.159072,-1.839295,-0.139489,-1.467423,-0.534637,0.832147,-0.147292
7.1715,-1.722529,-0.049816,-1.37426,-0.55309,0.825833,-0.109963
7.171567,-1.156538,-0.043592,-1.01439,-0.569643,0.817533,-0.084533
7.186482,-0.480731,-0.028466,-0.858769,-0.585492,0.808205,-0.063274
7.202332,0.255271,-0.078572,-0.585766,-0.598747,0.799428,-0.049168
7.202399,0.88499,-0.117322,-0.412259,-0.605861,0.794294,-0.045046
7.218161,1.292366,-0.190789,-0.146306,-0.605629,0.794152,-0.050364
7.235008,1.486772,-0.400603,0.190399,-0.597993,0.79904,-0.06276
7.235075,1.597692,-0.579942,0.348198,-0.583669,0.808091,-0.079491
7.250402,1.591839,-0.621149,0.033859,-0.565335,0.8193,-0.095627
7.267472,1.713901,-0.769265,0.035095,-0.543628,0.832619,-0.105896
7.26756,1.280224,-1.31349,0.694388,-0.520626,0.847212,-0.105734
7.281871,1.021975,-1.520541,0.778443,-0.500551,0.860461,-0.095154
7.298125,0.904665,-1.613312,0.685077,-0.484011,0.871231,-0.08179
7.298201,0.752511,-1.595321,0.58315,-0.470819,0.87892,-0.076345
7.313999,0.627522,-1.555896,0.369351,-0.461399,0.883288,-0.083142
7.330006,0.55534,-1.600966,0.63789,-0.455822,0.884459,-0.099789
7.330077,0.343214,-1.66487,1.016745,-0.453291,0.882506,-0.125342
7.346352,0.011794,-1.213711,0.921373,-0.450576,0.879193,-0.154924
7.362448,-0.339748,-0.289976,0.744259,-0.44724,0.876707,-0.17709
7.36252,-0.877381,0.328814,-3.121732,-0.441604,0.873532,-0.204761
7.377608,-4.093405,5.464911,-0.412411,-0.442865,0.869088,-0.220356
7.393894,-4.969453,6.971911,1.12249,-0.461547,0.862943,-0.205681
7.394015,-0.669943,2.838984,1.833924,-0.470911,0.866216,-0.167069
7.409645,-0.043002,-1.228815,0.855457,-0.473051,0.872919,-0.119312
7.425728,-0.2664,-1.62933,-0.21123,-0.468662,0.880657,-0.069272
7.425799,-0.301817,-0.758522,-2.374964,-0.452196,0.891258,-0.034322
7.441972,-0.747978,0.130853,-2.744649,-0.428353,0.903449,-0.017131
7.457234,-1.185508,0.64754,-2.294664,-0.410638,0.91171,-0.012694
7.457298,-0.575023,0.342476,-0.31797,-0.401204,0.915947,-0.008781
7.474098,-0.498403,-0.132723,0.888067,-0.392512,0.919741,0.003458
7.48971,-0.455829,-0.034038,0.542916,-0.387113,0.921657,0.026313
7.489775,-0.554178,0.444416,-0.010833,-0.387655,0.920025,0.05725
7.50498,-0.949377,0.798072,-0.377105,-0.3966,0.9143,0.082244
7.521541,-0.718124,0.528104,-0.471022,-0.410477,0.906542,0.098433
7.521609,-0.028707,0.003036,-0.290538,-0.425455,0.898118,0.111232
7.537059,0.484855,-1.10204,-0.255869,-0.43975,0.889805,0.121928
7.552893,0.541013,-1.252202,-0.287762,-0.452161,0.883366,0.123349
7.552967,0.752218,-1.312278,-0.471321,-0.463598,0.878623,0.114449
7.569118,0.978462,-1.394729,-0.435008,-0.474205,0.875228,0.095424
7.584734,1.425204,-1.620896,-0.373381,-0.483432,0.872758,0.067732
7.584808,1.702674,-1.801688,-0.278371,-0.488898,0.871695,0.033559
7.600867,1.722098,-1.894872,-0.213426,-0.490744,0.871297,-0.003493
7.616644,1.612883,-1.843597,-0.069407,-0.490386,0.87088,-0.03301
7.616711,1.441911,-1.65858,0.184786,-0.490266,0.870372,-0.045733
7.633324,1.313973,-1.419018,0.449381,-0.492364,0.868908,-0.050761
7.6487,1.274551,-1.16288,0.618668,-0.496933,0.865914,-0.057023
7.650015,1.129906,-0.814126,0.563247,-0.504235,0.860924,-0.067504
7.666651,0.408124,0.034536,0.348712,-0.514508,0.853678,-0.080722
7.680227,0.228622,0.470094,0.229199,-0.524673,0.846282,-0.092327
7.680291,-0.503937,3.545016,-0.8925,-0.527527,0.845044,-0.087267
7.700012,-2.585071,7.006773,-3.235068,-0.519696,0.851199,-0.073328
7.712273,-3.034103,6.306133,0.015049,-0.511567,0.845234,-0.15453
7.712337,-3.041964,6.32694,0.118589,-0.503706,0.824427,-0.258069
7.728251,-0.700202,0.071333,4.225145,-0.50097,0.805162,-0.317399
7.744118,-0.647904,-0.829759,2.341125,-0.503768,0.798006,-0.330764
7.74419,-0.913612,-0.745948,0.990133,-0.516976,0.802863,-0.296896
7.75988,-1.386783,-0.126468,0.29008,-0.537137,0.811603,-0.229747
7.775887,-1.734946,0.272486,-0.749182,-0.555032,0.813344,-0.174387
7.775958,-1.671367,0.329982,-1.475631,-0.570057,0.809209,-0.142182
7.791964,-1.246062,0.157198,-1.066599,-0.583727,0.803084,-0.119665
7.807953,-0.094934,-0.12226,-0.612051,-0.597205,0.795692,-0.101099
7.808025,0.476185,-0.295402,-0.365064,-0.607808,0.78907,-0.089099
7.823353,0.893789,-0.397268,-0.244921,-0.612218,0.786032,-0.085691
7.83974,1.067355,-0.575594,-0.169914,-0.608844,0.787965,-0.091759
7.839818,1.087154,-0.72007,0.043011,-0.598705,0.793953,-0.105785
7.85519,1.294193,-0.809821,0.161706,-0.584217,0.802268,-0.122705
7.871348,1.636108,-0.850319,-0.002718,-0.565093,0.81324,-0.13896
7.871479,1.731352,-0.959601,-0.046303,-0.541288,0.826651,-0.153801
7.886936,1.475988,-1.146826,0.207468,-0.519048,0.839819,-0.159036
7.902968,1.068708,-1.558437,0.790212,-0.489332,0.861187,-0.137518
7.902968,1.268744,-1.415678,0.554445,-0.502279,0.851637,-0.149767
7.919201,0.830633,-1.533852,0.834299,-0.480459,0.866784,-0.133585
7.935842,0.426717,-1.503364,0.582766,-0.476736,0.867698,-0.140795
7.93592,0.246583,-1.516757,0.820604,-0.478303,0.864276,-0.155732
7.952081,0.082634,-1.147285,0.874667,-0.480782,0.858726,-0.17731
7.9679,-0.158497,-0.730628,0.669852,-0.480785,0.853141,-0.202475
7.967964,-0.451046,-0.081286,0.857749,-0.480381,0.849231,-0.219184
7.983002,-1.535438,0.806322,-2.983417,-0.485161,0.843,-0.232312
7.998441,-4.216352,5.960902,0.101674,-0.488025,0.836095,-0.250554
7.998445,-3.831108,6.731188,1.498091,-0.498284,0.830748,-0.248136
8.014455,-0.242808,2.361756,1.660161,-0.50887,0.835097,-0.208958
8.030253,0.449273,-0.181923,0.996458,-0.510933,0.843926,-0.163512
8.030324,0.235257,-1.238632,0.836942,-0.507138,0.85379,-0.117704
8.046352,-0.027094,-1.475054,-0.015011,-0.494558,0.865435,-0.080219
8.062272,-0.596319,0.267106,-2.694476,-0.474115,0.878387,-0.060422
8.062276,-1.2011,0.597074,-2.191595,-0.457287,0.887453,-0.057581
8.078421,-0.847271,0.479999,-0.713946,-0.450154,0.890912,-0.060316
8.094628,-0.626187,-0.091529,0.96421,-0.446414,0.893272,-0.052726
8.094849,-0.594439,-0.095507,0.887046,-0.442746,0.896044,-0.032875
8.110441,-0.841627,0.175557,0.19824,-0.442858,0.896587,-0.002927
8.126535,-0.934518,0.490809,0.008853,-0.448646,0.893224,0.029447
8.126604,-0.377426,0.578102,-0.174618,-0.454911,0.889076,0.050991
8.142354,-0.128861,0.167704,-0.363045,-0.461013,0.885106,0.063668
8.158081,0.215786,-0.487615,-0.281948,-0.468502,0.880284,0.074871
8.158339,0.503826,-0.895543,-0.225684,-0.474667,0.876317,0.082221
8.174205,0.542098,-1.087503,-0.249952,-0.478759,0.8742,0.081022
8.194573,0.855498,-1.410872,-0.31479,-0.481612,0.87361,0.069688
8.194654,1.226824,-1.562151,-0.314174,-0.483828,0.873751,0.049694
8.205861,1.50684,-1.693159,-0.204515,-0.485386,0.873976,0.023805
8.221839,1.690245,-1.797469,-0.131922,-0.486067,0.873885,-0.008016
8.221952,1.709603,-1.795442,-0.188776,-0.48507,0.87349,-0.041495
8.237531,1.607156,-1.611491,-0.024925,-0.483011,0.873286,-0.06382
8.254328,1.418574,-1.328904,0.446709,-0.482569,0.873109,-0.069344
8.254477,1.381532,-1.14861,0.692898,-0.484025,0.872121,-0.071591
8.269359,1.334312,-0.993543,0.597819,-0.48748,0.869871,-0.075419
8.285806,1.064307,-0.655975,0.489928,-0.494437,0.865691,-0.07817
8.285932,0.605227,-0.166579,0.567252,-0.504245,0.86003,-0.078009
8.30131,0.199731,0.376169,0.835936,-0.512445,0.855704,-0.071913
8.319224,0.001005,2.46201,0.294952,-0.511503,0.857769,-0.050964
8.319292,-2.807258,6.780734,-0.804939,-0.507928,0.85864,-0.068901
8.33412,-2.811961,6.789121,-0.719455,-0.503224,0.850253,-0.154385
8.353726,-0.561185,0.486536,2.469694,-0.495685,0.837286,-0.230756
8.353801,-0.713646,-0.480905,2.233869,-0.491005,0.822885,-0.285963
8.367948,-0.844845,-0.871843,1.672249,-0.493915,0.814928,-0.303216
8.385303,-0.954848,-0.705247,0.984325,-0.504228,0.817964,-0.276927
8.385373,-1.301161,-0.27086,0.224454,-0.518876,0.824465,-0.225888
8.397036,-1.36543,0.034844,-1.051761,-0.531726,0.826057,-0.18681
8.413049,-1.194335,0.046504,-1.129695,-0.540498,0.82459,-0.167073
8.413122,-0.841129,-0.160182,-0.804306,-0.546917,0.822276,-0.157303
8.43231,-0.374789,-0.256477,-0.651969,-0.554426,0.818413,-0.15104
8.444787,0.149554,-0.551028,-0.501204,-0.55913,0.815401,-0.14998
8.444859,0.440721,-0.801052,0.151252,-0.559205,0.814724,-0.153342
8.461343,0.372729,-0.848559,0.208541,-0.55617,0.815753,-0.158812
8.476836,0.533449,-0.969388,0.214353,-0.552263,0.817457,-0.163617
8.476909,0.77448,-1.05834,0.153396,-0.54633,0.820486,-0.168304
8.492704,0.945128,-1.063082,0.097906,-0.536619,0.825197,-0.176321
8.508558,1.021229,-1.167836,0.124447,-0.523457,0.831029,-0.188107
8.508562,1.015598,-1.378884,0.230264,-0.509312,0.836861,-0.200662
8.524439,1.011253,-1.537314,0.290116,-0.497276,0.841543,-0.211
8.540317,1.011167,-1.640644,0.377142,-0.488721,0.8447,-0.218252
8.540384,0.983685,-1.616186,0.51005,-0.483044,0.846456,-0.224009
8.556361,0.888781,-1.438162,0.71385,-0.480349,0.846335,-0.230177
8.572141,0.785478,-1.147397,0.628173,-0.481904,0.843808,-0.236129
8.572208,0.340108,-0.784444,0.676636,-0.485463,0.839848,-0.242859
8.587969,0.171467,-0.591975,0.559729,-0.489796,0.834589,-0.252112
8.604116,0.01646,-0.491762,0.370137,-0.496593,0.827241,-0.262806
8.604181,-0.443946,-0.063862,-0.678791,-0.506188,0.817386,-0.275051
8.619909,-1.407752,1.096578,-1.502884,-0.512734,0.800669,-0.309891
8.63627,-3.907375,6.217951,0.815499,-0.511127,0.785315,-0.349327
8.636365,-3.037766,6.058237,2.471269,-0.522339,0.775625,-0.354356
8.652099,-0.34364,1.82099,1.389057,-0.543384,0.774347,-0.324222
8.668037,0.452181,-0.099489,0.562234,-0.562044,0.777514,-0.282098
8.668106,0.407725,-0.806632,0.151276,-0.572062,0.786338,-0.233276
8.683984,-0.230532,-0.644841,-0.812589,-0.573896,0.798467,-0.181917
8.699621,-0.743077,0.237472,-1.002335,-0.566356,0.810456,-0.149673
8.699688,-0.835016,0.855696,-0.808988,-0.552298,0.820558,-0.147143
8.716666,-0.584179,0.512119,-0.723173,-0.538944,0.828473,-0.152223
8.731443,-0.299485,0.01253,-0.312877,-0.528732,0.835675,-0.148625
8.73151,-0.098111,-0.300563,0.166553,-0.519275,0.843929,-0.134677
8.749745,-0.283177,-0.165542,0.603204,-0.509579,0.852401,-0.117227
8.764326,-0.504791,0.050625,0.581915,-0.50438,0.857822,-0.098699
8.764394,-0.22651,0.214169,0.333214,-0.50379,0.860004,-0.081169
8.779149,0.155963,0.228627,-0.047337,-0.501391,0.862239,-0.071773
8.795132,0.058607,0.119928,-0.334705,-0.498808,0.86402,-0.068265
8.795208,0.102328,-0.190032,-0.24173,-0.499758,0.863891,-0.062729
8.810847,0.170068,-0.505385,-0.086688,-0.50361,0.862197,-0.054715
8.828071,0.177729,-0.665378,-0.202049,-0.508112,0.859882,-0.049248
8.828145,0.283051,-0.746928,-0.332014,-0.513336,0.85673,-0.049989
8.844571,0.765681,-0.882613,-0.349823,-0.518977,0.852935,-0.056259
8.858433,1.003236,-1.040676,-0.284741,-0.524445,0.848995,-0.064533
8.858503,1.157032,-1.271181,-0.125897,-0.5293,0.845125,-0.074863
8.874697,1.166703,-1.414268,-0.012854,-0.532608,0.841744,-0.088296
8.890587,1.108522,-1.425716,0.17551,-0.535143,0.838268,-0.104542
8.890649,0.993696,-1.33139,0.378771,-0.538542,0.833496,-0.123522
8.906257,0.909205,-1.150529,0.565787,-0.543375,0.827195,-0.14315
8.922362,0.953848,-0.84397,0.792568,-0.547705,0.820258,-0.164913
8.922435,0.951453,-0.452688,0.905494,-0.550315,0.81281,-0.191032
8.938169,0.580925,0.050552,0.943188,-0.551734,0.804901,-0.218456
8.953998,0.162221,0.899768,0.951287,-0.551885,0.802792,-0.225717
8.954061,-0.134125,2.992864,0.032546,-0.542099,0.815623,-0.202209
8.970094,-3.159302,5.812421,-1.225906,-0.523193,0.818927,-0.235855
8.986046,-1.69981,1.83526,0.366714,-0.514622,0.80033,-0.307632
8.986112,-0.754219,-0.303832,3.050834,-0.523582,0.776427,-0.350745
9.003624,-0.285905,-1.412239,3.353168,-0.531661,0.767708,-0.357716
9.017786,-0.301502,-1.45345,1.892792,-0.53207,0.772801,-0.345948
9.01785,-0.484653,-0.922769,0.774372,-0.531842,0.785303,-0.316929
9.033943,-0.623324,-0.06532,-0.611934,-0.53726,0.795743,-0.279545
9.04979,-0.732304,0.636231,-1.139562,-0.547878,0.799148,-0.24737
9.049852,-0.852392,1.126821,-0.994621,-0.555949,0.796702,-0.237038
9.06632,-0.695723,0.789163,-0.744583,-0.560487,0.791312,-0.244293
9.082338,-0.303256,0.086191,-0.41803,-0.565976,0.784354,-0.253891
9.082404,0.029341,-0.228227,-0.123555,-0.573088,0.778002,-0.257457
9.099354,0.15127,-0.415459,0.134103,-0.580347,0.773888,-0.253564
9.113334,0.158033,-0.381618,0.123874,-0.586286,0.772014,-0.245486
9.1134,0.277145,-0.391627,0.155209,-0.590439,0.771876,-0.235776
9.129183,0.421342,-0.449618,0.292629,-0.593095,0.773196,-0.224514
9.145825,0.47868,-0.53198,0.473299,-0.593594,0.77609,-0.212908
9.145891,0.494596,-0.598435,0.557367,-0.591596,0.780534,-0.201944
9.161013,0.581188,-0.750922,0.424647,-0.58691,0.786689,-0.191462
9.176877,0.703544,-0.945269,0.179426,-0.579658,0.794452,-0.181227
9.17694,0.73246,-1.04491,0.138511,-0.57148,0.801853,-0.174476
9.19397,0.810071,-1.224862,0.055455,-0.562329,0.808053,-0.175602
9.209174,0.812563,-1.317422,-0.053848,-0.551623,0.813257,-0.185273
9.209254,0.754182,-1.191031,-0.05745,-0.540131,0.817419,-0.200209
9.224877,0.744612,-1.048076,-0.071322,-0.528654,0.820094,-0.219022
9.241391,0.577957,-0.746373,0.184145,-0.519287,0.82021,-0.239993
9.241469,0.567031,-0.687995,0.337503,-0.512938,0.817176,-0.262903
9.256845,0.510547,-0.677478,0.501119,-0.509372,0.811679,-0.285863
9.272674,0.310129,-0.554413,0.460392,-0.510553,0.803559,-0.305989
9.272745,-0.071357,-0.195739,0.740268,-0.519448,0.791594,-0.321795
9.288537,-0.849989,0.735368,0.13479,-0.53824,0.772795,-0.336282
9.304671,-2.002946,2.858625,0.369043,-0.55432,0.751864,-0.356973
9.304821,-3.489048,6.267342,0.649183,-0.562374,0.738014,-0.372922
9.320486,-1.909318,3.064798,2.006752,-0.575957,0.733603,-0.360695
9.33645,-0.226682,0.413956,2.075579,-0.590762,0.741211,-0.318758
9.336522,0.527611,-0.403465,0.988338,-0.597023,0.753837,-0.274394
9.352663,0.198496,-0.077706,-0.01916,-0.600245,0.763238,-0.23911
9.36843,0.07168,1.022811,-0.911672,-0.599863,0.769715,-0.218409
9.3685,0.125291,0.777967,-0.872504,-0.595491,0.775073,-0.211312
9.384106,0.060649,0.522017,-0.577795,-0.589167,0.77994,-0.211131
9.400341,-0.009884,0.346425,-0.241001,-0.581836,0.784145,-0.215832
9.400387,-0.157875,0.21912,0.044076,-0.575371,0.787533,-0.220773
9.415994,-0.349758,0.175738,0.26843,-0.570087,0.79083,-0.222684
9.43225,-0.41123,0.217336,0.364805,-0.5646,0.795008,-0.221784
9.432337,-0.331336,0.311555,0.408495,-0.558084,0.800871,-0.217135
9.447839,-0.282187,0.313014,0.325353,-0.552408,0.806843,-0.209402
9.463764,-0.114063,0.092799,0.361228,-0.54739,0.812612,-0.200065
9.465149,-0.05209,0.090124,0.360602,-0.54259,0.81814,-0.190375
9.479639,-0.03778,0.036248,0.2535,-0.538896,0.822669,-0.181127
9.495622,-0.005824,-0.225935,0.108936,-0.537114,0.825911,-0.171405
9.495693,-0.006487,-0.40678,-0.012836,-0.536375,0.828792,-0.15939
9.511672,0.063549,-0.518576,-0.143561,-0.537381,0.830832,-0.144708
9.527567,0.184843,-0.6016,-0.248117,-0.539793,0.831901,-0.128699
9.52764,0.22571,-0.61564,-0.262748,-0.542803,0.832101,-0.1139
9.543299,0.271585,-0.61244,-0.269755,-0.546029,0.831663,-0.100942
9.559401,0.266712,-0.66342,-0.229314,-0.548175,0.831358,-0.091365
9.559494,0.245231,-0.693429,-0.136265,-0.548987,0.831368,-0.086254
9.575252,0.2738,-0.740463,-0.057762,-0.548672,0.831665,-0.085396
9.591308,0.30628,-0.778955,0.01792,-0.547293,0.832361,-0.087439
9.591422,0.347658,-0.797816,0.087506,-0.545153,0.833491,-0.090009
9.607156,0.404311,-0.805202,0.105972,-0.543196,0.834606,-0.091492
9.623388,0.475399,-0.826661,0.123169,-0.541958,0.835359,-0.091964
9.623469,0.557415,-0.804894,0.078574,-0.541988,0.83529,-0.092414
9.63904,0.56559,-0.693961,0.062028,-0.542977,0.834479,-0.093919
9.655263,0.637701,-0.659258,0.167737,-0.544927,0.832842,-0.097104
9.655362,0.653876,-0.643882,0.142676,-0.547797,0.830329,-0.102331
9.67053,0.587391,-0.6307,0.087586,-0.551045,0.827401,-0.10843
9.686908,0.536103,-0.501666,0.103531,-0.554016,0.824496,-0.115204
9.686986,0.474209,-0.303097,0.147583,-0.556882,0.821468,-0.122772
9.702863,0.344595,0.020449,0.213105,-0.559561,0.819166,-0.125932
9.718828,0.163245,0.693923,0.481425,-0.559135,0.820741,-0.117274
9.718896,-0.465253,1.902347,0.231432,-0.548328,0.830075,-0.101549
9.735107,-1.881579,3.05356,-1.104631,-0.535932,0.838026,-0.102415
9.750868,-1.264582,-0.128863,1.375953,-0.527746,0.826845,-0.19445
9.75095,-2.748338,2.769065,-0.136497,-0.531371,0.835152,-0.142006
9.769274,-0.775458,-0.878951,1.768251,-0.537897,0.809752,-0.234452
9.782792,-0.606889,-0.501117,1.763798,-0.548811,0.796008,-0.255298
9.782868,-1.195811,0.516699,0.954556,-0.550909,0.794702,-0.254849
9.799991,-1.238759,0.987624,0.202886,-0.555598,0.796556,-0.238348
9.816522,-0.991044,0.727943,-0.365928,-0.563552,0.797326,-0.216058
9.816618,-0.854154,0.427573,-0.254113,-0.571841,0.796564,-0.196174
9.830046,-0.688569,0.283982,-0.077612,-0.579436,0.794906,-0.179941
9.846573,-0.482355,0.165619,-0.016999,-0.58544,0.79306,-0.168274
9.846646,-0.365569,0.092727,-0.079536,-0.59044,0.790788,-0.161355
9.862091,-0.260178,0.056547,0.045172,-0.594131,0.788988,-0.156546
9.878337,-0.202743,-0.051487,0.129966,-0.597824,0.787357,-0.15058
9.878409,0.054048,-0.179464,-0.1113,-0.601884,0.785559,-0.143643
9.894077,0.176159,-0.199349,0.056369,-0.604992,0.784127,-0.138309
9.910002,0.27834,-0.282885,0.196562,-0.607045,0.782946,-0.135985
9.910074,0.313469,-0.347605,0.254643,-0.607948,0.782236,-0.136036
9.925641,0.264864,-0.40634,0.265356,-0.608233,0.781782,-0.137366
9.941852,0.212435,-0.500438,0.232662,-0.608461,0.781353,-0.13879
9.941924,0.263903,-0.567638,0.222751,-0.608782,0.780971,-0.139529
9.95763,0.230966,-0.582445,0.19059,-0.609307,0.780702,-0.138741
9.973642,0.198204,-0.565749,0.167441,-0.611214,0.779951,-0.134512
9.973713,0.188486,-0.572199,0.092279,-0.61448,0.778788,-0.126108
9.989581,0.19239,-0.575406,0.069442,-0.618477,0.777265,-0.115524
10.005314,0.241447,-0.610377,0.05568,-0.622367,0.775569,-0.105606
10.005385,0.189762,-0.540517,-0.152545,-0.626316,0.773473,-0.097302
10.021282,0.158503,-0.583876,-0.110769,-0.630244,0.771055,-0.090922
10.037311,0.121009,-0.59743,-0.042468,-0.633262,0.768954,-0.087689
10.037389,0.16416,-0.595911,-0.018821,-0.63526,0.767313,-0.087609
10.053049,0.148355,-0.572214,-0.005351,-0.636316,0.766184,-0.089803
10.069303,0.138648,-0.53805,-0.039025,-0.636848,0.765299,-0.093498
10.069383,0.184639,-0.505537,-0.083941,-0.637123,0.764479,-0.098218
10.093943,0.238762,-0.454269,-0.06548,-0.63691,0.763839,-0.104381
10.117628,0.282344,-0.419418,-0.022824,-0.63618,0.763366,-0.112018
10.117706,0.295954,-0.327618,-0.04858,-0.635096,0.763165,-0.119297
10.117754,0.268628,-0.198611,-0.082884,-0.633817,0.763537,-0.123643
10.132732,0.246598,-0.126615,-0.093545,-0.631974,0.764844,-0.124991
10.132824,0.186696,-0.05522,-0.031878,-0.628927,0.767271,-0.125486
10.148621,-0.063124,0.186363,-0.068385,-0.624391,0.770531,-0.128133
10.165387,-0.301469,0.177863,-0.050306,-0.618804,0.773798,-0.135348
10.165489,-0.813845,0.282371,0.085739,-0.611997,0.776559,-0.14972
10.180343,-1.365186,0.589139,0.121641,-0.606097,0.776858,-0.170698
10.196726,-1.492071,0.947241,0.757872,-0.604517,0.773676,-0.189696
10.196797,-0.900265,0.917944,1.2708,-0.608524,0.7698,-0.192629
10.212482,-0.151995,0.474961,0.961975,-0.614943,0.768401,-0.177216
10.22885,0.161726,0.660314,0.082983,-0.617933,0.774607,-0.134695
10.228955,0.165108,0.392622,0.50132,-0.618401,0.770586,-0.154198
10.244286,0.042808,0.601877,-0.231685,-0.61573,0.778311,-0.122914
10.260129,-0.040082,0.357455,-0.479706,-0.613162,0.781233,-0.117081
10.260207,-0.075902,0.196883,-0.42407,-0.609889,0.784028,-0.11548
10.276566,-0.029218,-0.078703,0.105936,-0.605151,0.787291,-0.118174
10.29365,-0.041452,-0.108941,0.14676,-0.598166,0.791772,-0.123673
10.293731,-0.198795,0.121705,0.200488,-0.589932,0.797393,-0.127063
10.308178,-0.010667,-0.043756,0.193409,-0.582351,0.803324,-0.124653
10.323899,-0.050246,0.073464,0.151001,-0.574342,0.810127,-0.117584
10.323962,0.031717,0.02038,0.131634,-0.567225,0.816397,-0.10841
10.339944,0.089129,-0.086286,0.12715,-0.560473,0.822187,-0.099395
10.355944,0.067527,-0.035359,0.141448,-0.554206,0.827183,-0.092864
10.356857,0.062259,-0.068963,0.114272,-0.548496,0.831261,-0.090316
10.371829,0.085368,-0.140779,0.082857,-0.542796,0.834901,-0.091173
10.388079,-0.016208,-0.17847,0.087928,-0.537198,0.838244,-0.093619
10.388175,-0.078061,-0.201555,0.136497,-0.531512,0.8416,-0.095939
10.403482,-0.151732,-0.193396,0.120424,-0.526567,0.844733,-0.095674
10.419946,-0.025283,-0.198744,0.128029,-0.523179,0.847289,-0.091576
10.420016,0.006053,-0.19536,0.120373,-0.520716,0.849504,-0.084835
10.435244,0.028046,-0.18654,0.086083,-0.518875,0.851365,-0.077111
10.451397,0.045601,-0.186968,0.078708,-0.517662,0.85277,-0.069354
10.451467,0.046553,-0.156524,0.047403,-0.516707,0.85385,-0.062875
10.471028,0.017431,-0.134085,0.027841,-0.516027,0.854575,-0.058465
10.483346,-0.056022,-0.083739,0.04271,-0.516121,0.854705,-0.055664
10.483438,-0.156912,-0.047084,-0.04311,-0.517587,0.853999,-0.052807
10.498667,-0.203405,-0.023959,-0.090411,-0.520884,0.852267,-0.048169
10.515772,-0.216439,-0.069024,-0.105045,-0.526114,0.849358,-0.042355
10.515911,-0.218616,0.114484,-0.142231,-0.533933,0.844698,-0.037426
10.530862,-0.052303,0.115996,-0.114987,-0.542409,0.839418,-0.034213
10.546933,0.092427,0.058523,0.027875,-0.54987,0.834605,-0.032834
10.546936,0.013543,0.031819,0.099212,-0.555626,0.830791,-0.032653
10.562662,-0.037705,0.07569,0.030486,-0.560257,0.82763,-0.033767
10.578355,-0.054016,0.056169,-0.043243,-0.564438,0.824721,-0.035278
10.57842,-0.075879,0.031725,-0.093037,-0.568393,0.822004,-0.035198
10.594283,-0.114162,0.011037,-0.162903,-0.572331,0.819331,-0.033676
10.610549,-0.106601,0.015838,-0.078046,-0.575894,0.816834,-0.033587
10.61062,-0.111275,-0.015658,-0.034362,-0.578803,0.814761,-0.033936
10.626332,-0.182551,-0.055442,-0.131511,-0.581472,0.81298,-0.030873
10.642503,-0.223172,-0.038456,-0.12666,-0.584629,0.810887,-0.025928
10.642566,-0.146512,-0.095538,-0.057528,-0.587222,0.809146,-0.021315
10.682665,-0.017918,-0.048361,-0.135573,-0.58807,0.808615,-0.017778
10.68837,0.103116,-0.064449,-0.147036,-0.585293,0.810665,-0.015958
10.688509,0.037178,-0.023626,-0.104063,-0.57975,0.814672,-0.014131
10.690263,0.003964,-0.051782,-0.072872,-0.571606,0.820443,-0.011799
10.70646,-0.021267,-0.067933,-0.109597,-0.560688,0.827974,-0.009421
10.707731,-0.042579,-0.058311,-0.210469,-0.546914,0.837165,-0.006267
10.722002,-0.048105,0.008831,-0.284945,-0.530417,0.847736,-0.001097
10.737735,0.04065,-0.023528,-0.209757,-0.51146,0.859297,0.00416
10.737799,0.05961,0.191579,-0.303036,-0.49183,0.870646,0.008861
10.75485,0.13242,0.356754,-0.331731,-0.474995,0.879895,0.012837
10.77039,0.173725,0.097128,-0.118355,-0.459781,0.887934,0.013238
10.770462,0.05398,-0.1199,-0.078552,-0.443918,0.896023,0.008956
10.785716,-0.052572,-0.13968,0.002077,-0.426539,0.904466,0.002455
10.802015,-0.042747,0.052607,-0.053924,-0.407845,0.913045,-0.003327
10.802086,-0.057564,0.077456,-0.005502,-0.388023,0.921613,-0.008261
10.817667,-0.103748,0.073455,0.024596,-0.367412,0.929978,-0.01219
10.83404,-0.142327,0.047059,0.040496,-0.347099,0.937728,-0.013748
10.834586,-0.107559,-0.017954,0.163148,-0.328735,0.9443,-0.015214
10.849246,-0.120614,-0.085086,0.199059,-0.311927,0.949908,-0.019402
10.868075,-0.164344,-0.062803,0.140463,-0.29554,0.954985,-0.025686
10.868163,-0.197786,0.019478,0.095008,-0.278486,0.959862,-0.033332
10.884167,-0.246764,0.031133,0.089848,-0.261491,0.964305,-0.041691
10.897457,-0.216325,0.022368,0.025333,-0.245406,0.968064,-0.051258
10.897527,-0.167556,0.015376,0.033471,-0.230363,0.971074,-0.062829
10.91318,-0.108783,-0.002932,0.068607,-0.215955,0.973437,-0.076053
10.929043,-0.046318,-0.003687,0.090034,-0.201622,0.975336,-0.089821
10.929108,-0.122423,-0.051219,0.263674,-0.188246,0.976542,-0.10454
10.94532,-0.220154,-0.070877,0.49769,-0.177719,0.976791,-0.119562
10.961262,-0.214422,-0.101418,0.530062,-0.171687,0.97622,-0.132357
10.961533,-0.184321,-0.054845,0.468939,-0.171361,0.974874,-0.142325
10.976814,-0.191271,0.001939,0.369974,-0.176008,0.972838,-0.150354
10.992866,-0.193517,0.135749,0.225982,-0.183787,0.970681,-0.154922
10.992937,-0.152763,0.226349,0.249628,-0.192711,0.968719,-0.156351
11.008691,-0.136503,0.279137,0.352575,-0.20186,0.966773,-0.15685
11.02465,-0.122717,0.252437,0.379881,-0.21081,0.964909,-0.156554
11.024731,-0.14749,0.222075,0.319726,-0.217622,0.963732,-0.154473
11.040871,-0.216546,0.271666,0.291175,-0.221671,0.963289,-0.15145
11.05654,-0.173324,0.33464,0.340087,-0.224366,0.96312,-0.148528
11.056606,-0.028471,0.308344,0.134818,-0.224596,0.963445,-0.146049
11.072369,-0.023376,0.237604,0.050865,-0.222351,0.964072,-0.145347
11.088294,0.010568,0.130462,-0.104068,-0.218133,0.964951,-0.145901
11.08836,0.017502,0.07963,-0.182318,-0.210815,0.966482,-0.146525
11.106057,-0.000964,-0.015754,-0.207697,-0.199674,0.968574,-0.148305
11.122542,0.020657,-0.056381,-0.288422,-0.184308,0.971038,-0.152038
11.122603,0.004669,0.026832,-0.13174,-0.165771,0.973748,-0.155995
11.155265,-0.003333,0.142648,0.315802,-0.128946,0.979865,-0.152441
11.161716,0.101054,0.164866,0.311561,-0.112071,0.982793,-0.146827
11.162044,-0.043582,0.121146,0.161643,-0.146833,0.976739,-0.156272
11.168869,0.112085,0.254341,0.185842,-0.096094,0.985314,-0.141149
11.20558,0.193998,0.071366,0.13516,-0.079099,0.98767,-0.135099
11.205664,-0.112207,0.144158,-0.052112,-0.060537,0.989829,-0.128736
11.205712,-0.530336,0.274919,-0.110663,-0.042326,0.991576,-0.122415
11.22585,-0.678903,0.153675,-0.01903,-0.026038,0.992962,-0.115537
11.225929,-0.609013,0.068612,-0.070038,-0.01234,0.993964,-0.109009
11.233631,-0.362441,0.011821,-0.106121,-0.001191,0.994542,-0.104328
11.247571,-0.347045,-0.002739,0.04791,0.010116,0.994896,-0.1004
11.247638,-0.396008,-0.020402,0.121173,0.022717,0.995118,-0.096042
11.26338,-0.549929,0.040422,0.328295,0.037402,0.995192,-0.090517
11.279753,-0.607826,0.011486,0.590161,0.055396,0.99506,-0.082379
11.279817,-0.75157,0.051968,0.674509,0.077421,0.994129,-0.075586
11.295127,-0.652794,-0.048168,-0.885218,0.096672,0.99258,-0.073752
11.311239,-0.390411,-0.252214,-0.844019,0.116866,0.990221,-0.076193
11.311305,-0.341664,-0.072075,-0.064589,0.141622,0.986626,-0.080705
11.326899,-0.290904,-0.204502,0.086332,0.168559,0.98212,-0.083829
11.342852,-0.022156,-0.287745,0.002801,0.199387,0.976283,-0.084359
11.342922,0.41608,-0.383067,0.125509,0.23483,0.968547,-0.082296
11.359271,0.4927,-0.311503,0.287003,0.28028,0.957209,-0.072068
11.374813,-0.139485,0.113834,-0.08751,0.322621,0.944836,-0.056579
11.374884,-0.48622,0.487226,-0.120444,0.361922,0.931597,-0.033746
11.390507,-0.544317,0.721575,-0.212815,0.397146,0.917753,-0.002197
11.407028,-0.605537,0.689014,-0.239549,0.426765,0.903591,0.03734
11.407097,-0.844895,0.588607,0.270554,0.445343,0.891084,0.087402
11.42235,-1.888404,0.839753,1.037114,0.439658,0.884856,0.154048
11.4383,-1.427991,0.333991,-0.199529,0.420148,0.882805,0.210073
11.438371,-0.941978,-0.388693,-1.378598,0.397636,0.885366,0.240857
11.45429,-0.327387,-0.416739,-1.321414,0.370997,0.893805,0.25194
11.470201,0.25573,-0.368542,-1.223332,0.346855,0.90469,0.247441
11.470273,0.602447,-0.364064,-0.87511,0.328339,0.916249,0.229526
11.48706,0.92226,-0.290353,-0.506973,0.314571,0.927042,0.204056
11.502904,1.085865,-0.200245,-0.21139,0.307476,0.9352,0.175669
11.502993,0.934192,0.039735,0.006901,0.309033,0.939498,0.147793
11.520827,0.455668,0.2736,0.25709,0.317343,0.93984,0.12647
11.536169,-0.128579,0.534802,0.193245,0.327249,0.937991,0.114372
11.536328,-0.580093,0.759866,-0.100679,0.335205,0.936225,0.105455
11.551418,-0.928529,0.679268,-0.274785,0.336061,0.936943,0.095922
11.568243,-0.85786,0.551026,-0.458307,0.327983,0.941009,0.083246
11.568418,-0.60009,0.495099,-0.526813,0.312156,0.947711,0.066349
11.583511,0.093728,0.411676,-0.521536,0.29145,0.955451,0.04659
11.601193,0.35009,0.379788,-0.488247,0.269799,0.96262,0.023922
11.601292,0.486654,0.403536,-0.480865,0.250116,0.968214,-0.001832
11.613511,0.427735,0.375014,-0.329994,0.233841,0.971803,-0.030296
11.62993,0.352019,0.35146,-0.243291,0.219682,0.973811,-0.058573
11.630081,0.193156,0.310389,-0.317938,0.206517,0.974584,-0.086817
11.645418,0.081003,0.251069,-0.325557,0.192129,0.974395,-0.116795
11.661229,0.066189,0.178636,-0.333877,0.174152,0.973296,-0.149552
11.661371,0.169039,0.167375,-0.305934,0.151152,0.971129,-0.18456
11.677502,0.386535,0.206099,-0.184725,0.124649,0.96776,-0.218869
11.693265,0.599473,0.218883,-0.142417,0.097945,0.96317,-0.250421
11.693435,0.722512,0.193945,-0.166187,0.07334,0.957178,-0.280057
11.709122,0.830503,0.246275,-0.36399,0.053072,0.949312,-0.309823
11.725027,0.731667,0.266978,-0.454201,0.037544,0.938726,-0.342613
11.725811,0.590959,0.250519,-0.469078,0.023619,0.925018,-0.379189
11.740887,0.528104,0.272478,-0.411396,0.009235,0.90663,-0.421826
11.757108,0.468357,0.475424,-0.019499,-0.021625,0.854075,-0.519701
11.757109,0.472075,0.379397,-0.186394,-0.005721,0.882871,-0.469581
11.773092,0.54574,0.681778,0.092025,-0.038767,0.821212,-0.569304
11.788855,0.564015,0.693677,0.375052,-0.053212,0.785693,-0.616324
11.788999,0.575722,0.757117,0.431678,-0.062538,0.748406,-0.660286
11.804845,0.587045,0.758011,0.253319,-0.070718,0.709106,-0.701546
11.820808,0.506489,0.704151,0.263462,-0.081395,0.668194,-0.739521
11.820889,0.450781,0.624108,0.307138,-0.094794,0.625129,-0.774744
11.836415,0.287123,0.532134,0.242049,-0.111723,0.577729,-0.808546
11.853703,0.244841,0.624585,0.504933,-0.130004,0.52434,-0.841526
11.85378,0.18909,0.6606,0.701026,-0.14429,0.465071,-0.873435
11.868783,0.128239,0.699824,0.956041,-0.151509,0.401418,-0.903277
11.884889,0.040348,0.70863,1.120865,-0.151966,0.336933,-0.929184
11.884983,-0.046228,0.661625,1.24753,-0.145163,0.27467,-0.950518
11.90028,-0.075574,0.608233,1.285579,-0.131305,0.216474,-0.967418
11.917573,0.041033,0.530811,1.12475,-0.116915,0.16174,-0.979883
11.917658,0.121099,0.439954,1.135768,-0.109823,0.113207,-0.987483
11.933752,0.139215,0.478515,1.170445,-0.110544,0.075074,-0.991032
11.948171,0.065355,0.483872,1.155807,-0.117677,0.049133,-0.991836
11.948241,-0.075703,0.43025,1.155219,-0.123867,0.033404,-0.991736
11.967673,-0.548901,0.43479,0.073788,-0.106708,0.001321,-0.994289
11.980448,-0.94177,0.266891,-2.322714,-0.100253,-0.045821,-0.993906
11.982762,-0.516881,0.563905,-0.012247,-0.11552,-0.111696,-0.987005
11.996095,-0.054848,0.719859,0.277537,-0.127204,-0.177303,-0.975901
12.012081,0.11394,0.624644,0.522769,-0.139056,-0.239405,-0.96091
12.012156,0.087709,0.507757,0.887194,-0.143236,-0.296499,-0.944231
12.027714,0.076348,0.4548,0.972379,-0.133736,-0.344952,-0.929044
12.043935,0.273775,0.331357,0.415394,-0.122591,-0.384167,-0.915088
12.044103,0.154935,0.267436,0.610352,-0.113125,-0.41328,-0.90355
12.059867,-0.02337,0.231935,0.399896,-0.108053,-0.432374,-0.895196
12.075722,-0.274856,0.254934,0.248507,-0.107743,-0.44634,-0.888354
12.075792,-0.455406,0.156217,0.227409,-0.11039,-0.458997,-0.881553
12.091602,-0.403112,0.205968,0.158482,-0.115534,-0.473012,-0.873448
12.107772,-0.122615,0.242079,0.025801,-0.12354,-0.489562,-0.863173
12.107843,-0.038379,0.160335,0.026258,-0.135831,-0.508937,-0.850019
12.124267,0.134533,0.069743,0.123912,-0.151821,-0.530162,-0.834194
12.139349,0.148401,0.048224,0.154855,-0.167719,-0.551444,-0.817178
12.139414,0.069769,0.058127,0.130894,-0.181601,-0.571676,-0.800129
12.155202,-0.00412,0.040178,0.158913,-0.191604,-0.590181,-0.784203
12.171387,-0.04488,0.032164,0.196036,-0.196468,-0.606215,-0.770652
12.171459,-0.127384,0.019478,0.247102,-0.195508,-0.617913,-0.761552
12.187479,-0.200802,0.008881,0.22033,-0.189716,-0.625382,-0.756905
12.203426,-0.290641,-0.013351,0.076186,-0.18168,-0.632218,-0.753188
12.203532,-0.249157,-0.055195,0.158732,-0.174259,-0.637645,-0.750362
12.219092,-0.235118,-0.049213,0.255912,-0.167104,-0.639401,-0.750495
12.234983,-0.262378,-0.036356,0.3512,-0.1591,-0.635794,-0.755283
12.235047,-0.256462,-0.001608,0.251642,-0.150536,-0.626459,-0.764779
12.251204,-0.270217,0.073782,0.07581,-0.141358,-0.612692,-0.777577
12.268282,-0.30489,0.169856,-0.121511,-0.131191,-0.596904,-0.791514
12.268372,-0.323375,0.24148,-0.282243,-0.120015,-0.581949,-0.804321
12.282584,-0.28184,0.267882,-0.370621,-0.108404,-0.570296,-0.814255
12.301064,-0.198026,0.225167,-0.368714,-0.096834,-0.562859,-0.820861
12.301792,-0.140243,0.183352,-0.272933,-0.085923,-0.559039,-0.824677
12.317481,-0.132922,0.168128,-0.122359,-0.075101,-0.557303,-0.826905
12.330756,-0.119224,0.159432,0.000476,-0.063272,-0.556252,-0.828601
12.330822,-0.113295,0.150952,0.055345,-0.050508,-0.554806,-0.830445
12.346112,-0.117011,0.147978,0.071979,-0.037073,-0.55261,-0.832615
12.362386,-0.09871,0.13275,-0.00049,-0.02333,-0.54991,-0.834898
12.36246,-0.10815,0.136476,-0.037569,-0.011189,-0.545961,-0.837736
12.378303,-0.071594,0.144373,-0.052097,0.000198,-0.542857,-0.839825
12.394141,-0.005572,0.113597,-0.072686,0.009479,-0.539653,-0.841834
12.394214,0.017106,0.083169,-0.068353,0.015624,-0.536187,-0.843955
12.410085,0.004397,0.071917,-0.057294,0.018399,-0.531878,-0.846621
12.426233,-0.011291,0.099328,-0.047823,0.018554,-0.526696,-0.849851
12.426304,-0.041319,0.144478,-0.041035,0.018064,-0.521934,-0.852794
12.444162,-0.080379,0.174254,-0.020729,0.018794,-0.518583,-0.85482
12.45853,-0.101825,0.183251,0.005691,0.021869,-0.517418,-0.855453
12.458598,-0.116784,0.175956,0.023179,0.026925,-0.518287,-0.854783
12.474553,-0.139663,0.160004,0.043445,0.032974,-0.519868,-0.85361
12.490016,-0.126094,0.125041,0.066158,0.038799,-0.520778,-0.85281
12.490128,-0.092709,0.067043,0.054188,0.04295,-0.520214,-0.852955
12.505795,-0.094513,0.06099,0.024866,0.044724,-0.517671,-0.85441
12.523143,-0.110902,0.070329,-0.006091,0.04416,-0.513612,-0.856885
12.523211,-0.109524,0.030542,-0.066215,0.018169,-0.498087,-0.866937
12.537721,-0.11128,-0.089224,-0.010823,0.021528,-0.510721,-0.859477
12.553163,-0.12232,0.255624,0.35599,0.035207,-0.527093,-0.849078
12.553237,-0.087877,0.007736,0.367844,0.051485,-0.540878,-0.839524
12.571132,-0.115939,-0.01881,0.32374,0.065005,-0.548466,-0.833643
12.586688,-0.05845,0.058533,0.221195,0.072031,-0.546478,-0.83437
12.586805,-0.074988,0.104258,0.005761,0.068854,-0.534556,-0.842324
12.601123,-0.157851,0.12237,-0.152346,0.05783,-0.516719,-0.8542